path	class	reason	release_posture
.editorconfig	R0_ALLOW	default	allow_with_normal_review
.gitattributes	R0_ALLOW	default	allow_with_normal_review
.github/ISSUE_TEMPLATE/bug_report.md	R0_ALLOW	default	allow_with_normal_review
.github/ISSUE_TEMPLATE/feature_request.md	R0_ALLOW	default	allow_with_normal_review
.github/PULL_REQUEST_TEMPLATE.md	R0_ALLOW	default	allow_with_normal_review
COLLABORATION.md	R0_ALLOW	default	allow_with_normal_review
CONTRIBUTING.md	R0_ALLOW	default	allow_with_normal_review
CURRENT_CAPABILITIES.md	R0_ALLOW	default	allow_with_normal_review
LICENSE	R0_ALLOW	default	allow_with_normal_review
OnslaughtCareerEditor.AppCore.Host/OnslaughtCareerEditor.AppCore.Host.csproj	R0_ALLOW	default	allow_with_normal_review
OnslaughtCareerEditor.AppCore.Host/Program.cs	R0_ALLOW	default	allow_with_normal_review
OnslaughtCareerEditor.AppCore.Tests/AppConfigEnvironmentCollection.cs	R0_ALLOW	default	allow_with_normal_review
OnslaughtCareerEditor.AppCore.Tests/AppConfigTests.cs	R0_ALLOW	default	allow_with_normal_review
OnslaughtCareerEditor.AppCore.Tests/AppCoreSaveOptionsContractTests.cs	R0_ALLOW	default	allow_with_normal_review
OnslaughtCareerEditor.AppCore.Tests/AssetCatalogServiceTests.cs	R0_ALLOW	default	allow_with_normal_review
OnslaughtCareerEditor.AppCore.Tests/FbxModelSummaryReaderTests.cs	R0_ALLOW	default	allow_with_normal_review
OnslaughtCareerEditor.AppCore.Tests/FileMutationSafetyTests.cs	R0_ALLOW	default	allow_with_normal_review
OnslaughtCareerEditor.AppCore.Tests/GameProfileControlOptionsServiceTests.cs	R0_ALLOW	default	allow_with_normal_review
OnslaughtCareerEditor.AppCore.Tests/GameProfileMusicReplacementServiceTests.cs	R0_ALLOW	default	allow_with_normal_review
OnslaughtCareerEditor.AppCore.Tests/GameProfilePreflightServiceTests.cs	R0_ALLOW	default	allow_with_normal_review
OnslaughtCareerEditor.AppCore.Tests/GameProfileRuntimeServiceTests.cs	R0_ALLOW	default	allow_with_normal_review
OnslaughtCareerEditor.AppCore.Tests/LoreBrowserServiceTests.cs	R0_ALLOW	default	allow_with_normal_review
OnslaughtCareerEditor.AppCore.Tests/MediaCatalogServiceTests.cs	R0_ALLOW	default	allow_with_normal_review
OnslaughtCareerEditor.AppCore.Tests/MissionScriptGoodieStateSaveCodecTests.cs	R0_ALLOW	default	allow_with_normal_review
OnslaughtCareerEditor.AppCore.Tests/MissionScriptSlotBitsetSaveCodecTests.cs	R0_ALLOW	default	allow_with_normal_review
OnslaughtCareerEditor.AppCore.Tests/OnlineMultiplayerReadinessServiceTests.cs	R0_ALLOW	default	allow_with_normal_review
OnslaughtCareerEditor.AppCore.Tests/OnslaughtCareerEditor.AppCore.Tests.csproj	R0_ALLOW	default	allow_with_normal_review
OnslaughtCareerEditor.AppCore.Tests/SaveAnalyzerServiceTests.cs	R0_ALLOW	default	allow_with_normal_review
OnslaughtCareerEditor.AppCore/AppConfig.cs	R0_ALLOW	default	allow_with_normal_review
OnslaughtCareerEditor.AppCore/AssetCatalogFileSafety.cs	R0_ALLOW	default	allow_with_normal_review
OnslaughtCareerEditor.AppCore/AssetCatalogLoadStatusText.cs	R0_ALLOW	default	allow_with_normal_review
OnslaughtCareerEditor.AppCore/AssetCatalogReadabilityService.cs	R0_ALLOW	default	allow_with_normal_review
OnslaughtCareerEditor.AppCore/AssetCatalogService.cs	R0_ALLOW	default	allow_with_normal_review
OnslaughtCareerEditor.AppCore/AssetMaterialImportDryRunPlanService.cs	R0_ALLOW	default	allow_with_normal_review
OnslaughtCareerEditor.AppCore/AssetMaterialImportManifestService.cs	R0_ALLOW	default	allow_with_normal_review
OnslaughtCareerEditor.AppCore/AssetMaterialImportPackageFileSafety.cs	R0_ALLOW	default	allow_with_normal_review
OnslaughtCareerEditor.AppCore/AssetMaterialImportPackageImporterBatchService.cs	R0_ALLOW	default	allow_with_normal_review
OnslaughtCareerEditor.AppCore/AssetMaterialImportPackageImporterDryRunService.cs	R0_ALLOW	default	allow_with_normal_review
OnslaughtCareerEditor.AppCore/AssetMaterialImportPackageImporterInputPlanService.cs	R0_ALLOW	default	allow_with_normal_review
OnslaughtCareerEditor.AppCore/AssetMaterialImportPackageImporterInputService.cs	R0_ALLOW	default	allow_with_normal_review
OnslaughtCareerEditor.AppCore/AssetMaterialImportPackageInspectionService.cs	R0_ALLOW	default	allow_with_normal_review
OnslaughtCareerEditor.AppCore/AssetMaterialImportPackageMaterializationService.cs	R0_ALLOW	default	allow_with_normal_review
OnslaughtCareerEditor.AppCore/AssetMaterialImportPackagePlanService.cs	R0_ALLOW	default	allow_with_normal_review
OnslaughtCareerEditor.AppCore/AssetMaterialImportPackageRebuildMeshImportService.cs	R0_ALLOW	default	allow_with_normal_review
OnslaughtCareerEditor.AppCore/AssetMaterialImportPackageRebuildMeshService.cs	R0_ALLOW	default	allow_with_normal_review
OnslaughtCareerEditor.AppCore/AssetMaterialImportPackageRebuildPreviewService.cs	R0_ALLOW	default	allow_with_normal_review
OnslaughtCareerEditor.AppCore/AssetMaterialImportPackageRebuildSceneService.cs	R0_ALLOW	default	allow_with_normal_review
OnslaughtCareerEditor.AppCore/AssetMaterialImportPackageWorkOrderService.cs	R0_ALLOW	default	allow_with_normal_review
OnslaughtCareerEditor.AppCore/AssetMaterialImportPlanService.cs	R0_ALLOW	default	allow_with_normal_review
OnslaughtCareerEditor.AppCore/AssetModelPreviewCoverageService.cs	R0_ALLOW	default	allow_with_normal_review
OnslaughtCareerEditor.AppCore/AssetModelTextureLinkService.cs	R0_ALLOW	default	allow_with_normal_review
OnslaughtCareerEditor.AppCore/BesFilePatcher.cs	R0_ALLOW	default	allow_with_normal_review
OnslaughtCareerEditor.AppCore/BinaryPatchEngine.cs	R0_ALLOW	default	allow_with_normal_review
OnslaughtCareerEditor.AppCore/BinaryPatchPlanBuilder.cs	R0_ALLOW	default	allow_with_normal_review
OnslaughtCareerEditor.AppCore/CardIdPresetEngine.cs	R0_ALLOW	default	allow_with_normal_review
OnslaughtCareerEditor.AppCore/ConfigurationEditorService.cs	R0_ALLOW	default	allow_with_normal_review
OnslaughtCareerEditor.AppCore/FbxModelSummaryReader.cs	R0_ALLOW	default	allow_with_normal_review
OnslaughtCareerEditor.AppCore/FileMutationSafety.cs	R0_ALLOW	default	allow_with_normal_review
OnslaughtCareerEditor.AppCore/GameProfileControlOptionsService.cs	R0_ALLOW	default	allow_with_normal_review
OnslaughtCareerEditor.AppCore/GameProfileManagedProcessRegistry.cs	R0_ALLOW	default	allow_with_normal_review
OnslaughtCareerEditor.AppCore/GameProfileMusicReplacementService.cs	R0_ALLOW	default	allow_with_normal_review
OnslaughtCareerEditor.AppCore/GameProfilePreflightService.cs	R0_ALLOW	default	allow_with_normal_review
OnslaughtCareerEditor.AppCore/GameProfileRuntimeService.cs	R0_ALLOW	default	allow_with_normal_review
OnslaughtCareerEditor.AppCore/GoodiePreviewCoverageService.cs	R0_ALLOW	default	allow_with_normal_review
OnslaughtCareerEditor.AppCore/GoodieUnlockRequirementService.cs	R0_ALLOW	default	allow_with_normal_review
OnslaughtCareerEditor.AppCore/GoodieWallVisibilityService.cs	R0_ALLOW	default	allow_with_normal_review
OnslaughtCareerEditor.AppCore/LoreBrowserService.cs	R0_ALLOW	default	allow_with_normal_review
OnslaughtCareerEditor.AppCore/MediaCatalogService.cs	R0_ALLOW	default	allow_with_normal_review
OnslaughtCareerEditor.AppCore/MissionScriptGoodieStateSaveCodec.cs	R0_ALLOW	default	allow_with_normal_review
OnslaughtCareerEditor.AppCore/MissionScriptSlotBitsetSaveCodec.cs	R0_ALLOW	default	allow_with_normal_review
OnslaughtCareerEditor.AppCore/OnlineMultiplayerReadinessService.cs	R0_ALLOW	default	allow_with_normal_review
OnslaughtCareerEditor.AppCore/OnslaughtCareerEditor.AppCore.csproj	R0_ALLOW	default	allow_with_normal_review
OnslaughtCareerEditor.AppCore/PngHeaderReader.cs	R0_ALLOW	default	allow_with_normal_review
OnslaughtCareerEditor.AppCore/Properties/AssemblyInfo.cs	R0_ALLOW	default	allow_with_normal_review
OnslaughtCareerEditor.AppCore/SaveAnalyzerService.cs	R0_ALLOW	default	allow_with_normal_review
OnslaughtCareerEditor.AppCore/SaveEditorAdvancedService.cs	R0_ALLOW	default	allow_with_normal_review
OnslaughtCareerEditor.AppCore/SaveEditorService.cs	R0_ALLOW	default	allow_with_normal_review
OnslaughtCareerEditor.Cli/OnslaughtCareerEditor.Cli.csproj	R0_ALLOW	default	allow_with_normal_review
OnslaughtCareerEditor.Cli/Program.cs	R0_ALLOW	default	allow_with_normal_review
OnslaughtCareerEditor.Release.slnx	R0_ALLOW	default	allow_with_normal_review
OnslaughtCareerEditor.UiTests/BinaryPatchRegressionTests.cs	R0_ALLOW	default	allow_with_normal_review
OnslaughtCareerEditor.UiTests/CliReadOnlyAndOptionsSafetyTests.cs	R0_ALLOW	default	allow_with_normal_review
OnslaughtCareerEditor.UiTests/OnslaughtCareerEditor.UiTests.csproj	R0_ALLOW	default	allow_with_normal_review
OnslaughtCareerEditor.UiTests/PatchBenchLaunchPresetTextTests.cs	R0_ALLOW	default	allow_with_normal_review
OnslaughtCareerEditor.UiTests/PatchBenchOnlineReadinessRoutingGuardTests.cs	R0_ALLOW	default	allow_with_normal_review
OnslaughtCareerEditor.UiTests/PatchBenchOnlineReadinessTextTests.cs	R0_ALLOW	default	allow_with_normal_review
OnslaughtCareerEditor.UiTests/PatchBenchPrimitiveProjectionBoundaryTests.cs	R0_ALLOW	default	allow_with_normal_review
OnslaughtCareerEditor.UiTests/PatchBenchSafeCopyOutcomeTextTests.cs	R0_ALLOW	default	allow_with_normal_review
OnslaughtCareerEditor.UiTests/PatchBenchSafeCopyReceiptTextTests.cs	R0_ALLOW	default	allow_with_normal_review
OnslaughtCareerEditor.UiTests/ReflectedWinUiTestSupport.cs	R0_ALLOW	default	allow_with_normal_review
OnslaughtCareerEditor.UiTests/SavePatchRegressionTests.cs	R0_ALLOW	default	allow_with_normal_review
OnslaughtCareerEditor.UiTests/SmokeTests.cs	R0_ALLOW	default	allow_with_normal_review
OnslaughtCareerEditor.UiTests/TestFixturePaths.cs	R0_ALLOW	default	allow_with_normal_review
OnslaughtCareerEditor.UiTests/ThemeContrastAuditTests.cs	R0_ALLOW	default	allow_with_normal_review
OnslaughtCareerEditor.UiTests/WinUiAboutInteractionSmokeTests.cs	R0_ALLOW	default	allow_with_normal_review
OnslaughtCareerEditor.UiTests/WinUiAccessibilityAuditTests.cs	R0_ALLOW	default	allow_with_normal_review
OnslaughtCareerEditor.UiTests/WinUiAgenticSnapshotSmokeTests.cs	R0_ALLOW	default	allow_with_normal_review
OnslaughtCareerEditor.UiTests/WinUiHomeNavigationSmokeTests.cs	R0_ALLOW	default	allow_with_normal_review
OnslaughtCareerEditor.UiTests/WinUiLaunchSmokeTests.cs	R0_ALLOW	default	allow_with_normal_review
OnslaughtCareerEditor.UiTests/WinUiLoreInteractionSmokeTests.cs	R0_ALLOW	default	allow_with_normal_review
OnslaughtCareerEditor.UiTests/WinUiMediaCatalogCoverageSmokeTests.cs	R0_ALLOW	default	allow_with_normal_review
OnslaughtCareerEditor.UiTests/WinUiMediaInteractionSmokeTests.cs	R0_ALLOW	default	allow_with_normal_review
OnslaughtCareerEditor.UiTests/WinUiPatchBenchInteractionSmokeTests.cs	R0_ALLOW	default	allow_with_normal_review
OnslaughtCareerEditor.UiTests/WinUiProductLaneTests.cs	R0_ALLOW	default	allow_with_normal_review
OnslaughtCareerEditor.UiTests/WinUiRuntimeAccessibilitySmokeTests.cs	R0_ALLOW	default	allow_with_normal_review
OnslaughtCareerEditor.UiTests/WinUiSaveAnalyzerInteractionSmokeTests.cs	R0_ALLOW	default	allow_with_normal_review
OnslaughtCareerEditor.UiTests/WinUiSettingsInteractionSmokeTests.cs	R0_ALLOW	default	allow_with_normal_review
OnslaughtCareerEditor.UiTests/WinUiVisualSmokeTests.cs	R0_ALLOW	default	allow_with_normal_review
OnslaughtCareerEditor.WinUI.slnx	R0_ALLOW	default	allow_with_normal_review
OnslaughtCareerEditor.WinUI/App.xaml	R0_ALLOW	default	allow_with_normal_review
OnslaughtCareerEditor.WinUI/App.xaml.cs	R0_ALLOW	default	allow_with_normal_review
OnslaughtCareerEditor.WinUI/AppConfigChangedService.cs	R0_ALLOW	default	allow_with_normal_review
OnslaughtCareerEditor.WinUI/AppStatusService.cs	R0_ALLOW	default	allow_with_normal_review
OnslaughtCareerEditor.WinUI/Helpers/PatchBenchChoiceVisualState.cs	R0_ALLOW	default	allow_with_normal_review
OnslaughtCareerEditor.WinUI/Helpers/PatchBenchLaunchPresetText.cs	R0_ALLOW	default	allow_with_normal_review
OnslaughtCareerEditor.WinUI/Helpers/PatchBenchLaunchText.cs	R0_ALLOW	default	allow_with_normal_review
OnslaughtCareerEditor.WinUI/Helpers/PatchBenchMenuColorSelectionText.cs	R0_ALLOW	default	allow_with_normal_review
OnslaughtCareerEditor.WinUI/Helpers/PatchBenchOnlineReadinessText.cs	R0_ALLOW	default	allow_with_normal_review
OnslaughtCareerEditor.WinUI/Helpers/PatchBenchPatchGroups.cs	R0_ALLOW	default	allow_with_normal_review
OnslaughtCareerEditor.WinUI/Helpers/PatchBenchSafeCopyOutcomeText.cs	R0_ALLOW	default	allow_with_normal_review
OnslaughtCareerEditor.WinUI/Helpers/PatchBenchSafeCopyReceiptText.cs	R0_ALLOW	default	allow_with_normal_review
OnslaughtCareerEditor.WinUI/Helpers/PatchBenchSelectedProfileText.cs	R0_ALLOW	default	allow_with_normal_review
OnslaughtCareerEditor.WinUI/Helpers/PickerInterop.cs	R0_ALLOW	default	allow_with_normal_review
OnslaughtCareerEditor.WinUI/Helpers/ThemeBrushes.cs	R0_ALLOW	default	allow_with_normal_review
OnslaughtCareerEditor.WinUI/MainWindow.xaml	R0_ALLOW	default	allow_with_normal_review
OnslaughtCareerEditor.WinUI/MainWindow.xaml.cs	R0_ALLOW	default	allow_with_normal_review
OnslaughtCareerEditor.WinUI/Media/VideoPlaybackWindow.cs	R0_ALLOW	default	allow_with_normal_review
OnslaughtCareerEditor.WinUI/MediaHandoffService.cs	R0_ALLOW	default	allow_with_normal_review
OnslaughtCareerEditor.WinUI/Models/BinaryPatchGroupModel.cs	R0_ALLOW	default	allow_with_normal_review
OnslaughtCareerEditor.WinUI/Models/BinaryPatchItemModel.cs	R0_ALLOW	default	allow_with_normal_review
OnslaughtCareerEditor.WinUI/Models/PatchBenchLaunchReadinessTextResult.cs	R0_ALLOW	default	allow_with_normal_review
OnslaughtCareerEditor.WinUI/Models/PatchBenchLaunchReadinessTextState.cs	R0_ALLOW	default	allow_with_normal_review
OnslaughtCareerEditor.WinUI/Models/PatchBenchMenuColorSelectionKind.cs	R0_ALLOW	default	allow_with_normal_review
OnslaughtCareerEditor.WinUI/Models/PatchBenchOnlineCompanionSessionTextState.cs	R0_ALLOW	default	allow_with_normal_review
OnslaughtCareerEditor.WinUI/Models/PatchBenchOnlineReadinessTextState.cs	R0_ALLOW	default	allow_with_normal_review
OnslaughtCareerEditor.WinUI/Models/PatchBenchSafeCopyControlOptionsTextState.cs	R0_ALLOW	default	allow_with_normal_review
OnslaughtCareerEditor.WinUI/Models/PatchBenchSafeCopyMusicSwapTextState.cs	R0_ALLOW	default	allow_with_normal_review
OnslaughtCareerEditor.WinUI/Models/PatchBenchSafeCopyOutcomeTextState.cs	R0_ALLOW	default	allow_with_normal_review
OnslaughtCareerEditor.WinUI/Models/PatchBenchSafeCopyReceiptTextState.cs	R0_ALLOW	default	allow_with_normal_review
OnslaughtCareerEditor.WinUI/Models/PatchBenchSelectedChoiceState.cs	R0_ALLOW	default	allow_with_normal_review
OnslaughtCareerEditor.WinUI/Models/PatchBenchSelectedProfileTextState.cs	R0_ALLOW	default	allow_with_normal_review
OnslaughtCareerEditor.WinUI/OnslaughtCareerEditor.WinUI.csproj	R0_ALLOW	default	allow_with_normal_review
OnslaughtCareerEditor.WinUI/Pages/AboutPage.xaml	R0_ALLOW	default	allow_with_normal_review
OnslaughtCareerEditor.WinUI/Pages/AboutPage.xaml.cs	R0_ALLOW	default	allow_with_normal_review
OnslaughtCareerEditor.WinUI/Pages/AssetLibraryPage.xaml	R0_ALLOW	default	allow_with_normal_review
OnslaughtCareerEditor.WinUI/Pages/AssetLibraryPage.xaml.cs	R0_ALLOW	default	allow_with_normal_review
OnslaughtCareerEditor.WinUI/Pages/BinaryPatchesPage.xaml	R0_ALLOW	default	allow_with_normal_review
OnslaughtCareerEditor.WinUI/Pages/BinaryPatchesPage.xaml.cs	R0_ALLOW	default	allow_with_normal_review
OnslaughtCareerEditor.WinUI/Pages/HomePage.xaml	R0_ALLOW	default	allow_with_normal_review
OnslaughtCareerEditor.WinUI/Pages/HomePage.xaml.cs	R0_ALLOW	default	allow_with_normal_review
OnslaughtCareerEditor.WinUI/Pages/LorePage.xaml	R0_ALLOW	default	allow_with_normal_review
OnslaughtCareerEditor.WinUI/Pages/LorePage.xaml.cs	R0_ALLOW	default	allow_with_normal_review
OnslaughtCareerEditor.WinUI/Pages/MediaPage.xaml	R0_ALLOW	default	allow_with_normal_review
OnslaughtCareerEditor.WinUI/Pages/MediaPage.xaml.cs	R0_ALLOW	default	allow_with_normal_review
OnslaughtCareerEditor.WinUI/Pages/SavesPage.Configuration.cs	R0_ALLOW	default	allow_with_normal_review
OnslaughtCareerEditor.WinUI/Pages/SavesPage.SaveEditorAdvanced.cs	R0_ALLOW	default	allow_with_normal_review
OnslaughtCareerEditor.WinUI/Pages/SavesPage.xaml	R0_ALLOW	default	allow_with_normal_review
OnslaughtCareerEditor.WinUI/Pages/SavesPage.xaml.cs	R0_ALLOW	default	allow_with_normal_review
OnslaughtCareerEditor.WinUI/Pages/SettingsPage.xaml	R0_ALLOW	default	allow_with_normal_review
OnslaughtCareerEditor.WinUI/Pages/SettingsPage.xaml.cs	R0_ALLOW	default	allow_with_normal_review
OnslaughtCareerEditor.WinUI/VideoPlayerWindow.xaml.cs	R0_ALLOW	default	allow_with_normal_review
README.MD	R0_ALLOW	default	allow_with_normal_review
README.RELEASE.md	R0_ALLOW	default	allow_with_normal_review
RELEASE_SCOPE_AND_TEST_COMMANDS.md	R0_ALLOW	default	allow_with_normal_review
SECURITY.md	R0_ALLOW	default	allow_with_normal_review
global.json	R0_ALLOW	default	allow_with_normal_review
lore-book/BOOK.md	R0_ALLOW	default	allow_with_normal_review
lore-book/Start-Here.md	R0_ALLOW	default	allow_with_normal_review
lore-book/lore/LORE-INDEX.md	R0_ALLOW	default	allow_with_normal_review
lore-book/lore/_index.md	R0_ALLOW	default	allow_with_normal_review
lore-book/lore/battle-engine-tech.md	R0_ALLOW	default	allow_with_normal_review
lore-book/lore/characters.md	R0_ALLOW	default	allow_with_normal_review
lore-book/lore/community-preservation.md	R0_ALLOW	default	allow_with_normal_review
lore-book/lore/cut-content-secrets.md	R0_ALLOW	default	allow_with_normal_review
lore-book/lore/development-history.md	R0_ALLOW	default	allow_with_normal_review
lore-book/lore/discord-archive-extract-2026-03.md	R0_ALLOW	default	allow_with_normal_review
lore-book/lore/game-overview.md	R0_ALLOW	default	allow_with_normal_review
lore-book/lore/lost-toys-history.md	R0_ALLOW	default	allow_with_normal_review
lore-book/lore/reception-legacy.md	R0_ALLOW	default	allow_with_normal_review
lore-book/lore/reference-materials.md	R0_ALLOW	default	allow_with_normal_review
lore-book/lore/team-roster.md	R0_ALLOW	default	allow_with_normal_review
lore-book/lore/technical-deep-dive.md	R0_ALLOW	default	allow_with_normal_review
lore-book/lore/world-lore.md	R0_ALLOW	default	allow_with_normal_review
lore-book/roadmap/mod-patch-runtime-rebuild-register.md	R0_ALLOW	default	allow_with_normal_review
lore/LORE-INDEX.md	R0_ALLOW	default	allow_with_normal_review
lore/_index.md	R0_ALLOW	default	allow_with_normal_review
lore/battle-engine-tech.md	R0_ALLOW	default	allow_with_normal_review
lore/characters.md	R0_ALLOW	default	allow_with_normal_review
lore/community-preservation.md	R0_ALLOW	default	allow_with_normal_review
lore/cut-content-secrets.md	R0_ALLOW	default	allow_with_normal_review
lore/development-history.md	R0_ALLOW	default	allow_with_normal_review
lore/discord-archive-extract-2026-03.md	R0_ALLOW	default	allow_with_normal_review
lore/game-overview.md	R0_ALLOW	default	allow_with_normal_review
lore/lost-toys-history.md	R0_ALLOW	default	allow_with_normal_review
lore/reception-legacy.md	R0_ALLOW	default	allow_with_normal_review
lore/reference-materials.md	R0_ALLOW	default	allow_with_normal_review
lore/team-roster.md	R0_ALLOW	default	allow_with_normal_review
lore/technical-deep-dive.md	R0_ALLOW	default	allow_with_normal_review
lore/world-lore.md	R0_ALLOW	default	allow_with_normal_review
patches/README.md	R0_ALLOW	default	allow_with_normal_review
patches/catalog/patches.v2.json	R0_ALLOW	default	allow_with_normal_review
patches/catalog/safe-copy-profiles.v1.json	R0_ALLOW	default	allow_with_normal_review
patches/patch_devmode_goodies_logic_fix.py	R0_ALLOW	default	allow_with_normal_review
patches/patch_display_mode_flow.py	R0_ALLOW	default	allow_with_normal_review
rebuild/AGENTS.md	R0_ALLOW	default	allow_with_normal_review
rebuild/LICENSE	R0_ALLOW	default	allow_with_normal_review
rebuild/OnslaughtRebuild.Core.Tests/GlobalUsings.cs	R0_ALLOW	default	allow_with_normal_review
rebuild/OnslaughtRebuild.Core.Tests/HeadlessApplicationTests.cs	R0_ALLOW	default	allow_with_normal_review
rebuild/OnslaughtRebuild.Core.Tests/OnslaughtRebuild.Core.Tests.csproj	R0_ALLOW	default	allow_with_normal_review
rebuild/OnslaughtRebuild.Core.Tests/ReplayTests.cs	R0_ALLOW	default	allow_with_normal_review
rebuild/OnslaughtRebuild.Core.Tests/SimulationTests.cs	R0_ALLOW	default	allow_with_normal_review
rebuild/OnslaughtRebuild.Core/CommandTape.cs	R0_ALLOW	default	allow_with_normal_review
rebuild/OnslaughtRebuild.Core/OnslaughtRebuild.Core.csproj	R0_ALLOW	default	allow_with_normal_review
rebuild/OnslaughtRebuild.Core/ReplayRunner.cs	R0_ALLOW	default	allow_with_normal_review
rebuild/OnslaughtRebuild.Core/Simulation.cs	R0_ALLOW	default	allow_with_normal_review
rebuild/OnslaughtRebuild.Core/SimulationConstants.cs	R0_ALLOW	default	allow_with_normal_review
rebuild/OnslaughtRebuild.Core/SimulationTypes.cs	R0_ALLOW	default	allow_with_normal_review
rebuild/OnslaughtRebuild.Core/StateHasher.cs	R0_ALLOW	default	allow_with_normal_review
rebuild/OnslaughtRebuild.Headless/HeadlessApplication.cs	R0_ALLOW	default	allow_with_normal_review
rebuild/OnslaughtRebuild.Headless/OnslaughtRebuild.Headless.csproj	R0_ALLOW	default	allow_with_normal_review
rebuild/OnslaughtRebuild.Headless/Program.cs	R0_ALLOW	default	allow_with_normal_review
rebuild/OnslaughtRebuild.slnx	R0_ALLOW	default	allow_with_normal_review
rebuild/PROVENANCE.md	R0_ALLOW	default	allow_with_normal_review
rebuild/README.md	R0_ALLOW	default	allow_with_normal_review
rebuild/scenarios/first-flight.v1.json	R0_ALLOW	default	allow_with_normal_review
release/readiness/PUBLIC_SIGNOFF_COMMANDS.md	R0_ALLOW	default	allow_with_normal_review
release/readiness/THIRD_PARTY_NOTICES.winui-draft.md	R0_ALLOW	default	allow_with_normal_review
release/readiness/WINUI-ZIP-README.txt	R0_ALLOW	default	allow_with_normal_review
release/readiness/asset_backend_smoke_2026-05-06.md	R0_ALLOW	default	allow_with_normal_review
release/readiness/asset_backend_smoke_refresh_2026-05-07.md	R0_ALLOW	default	allow_with_normal_review
release/readiness/asset_catalog_selftest_2026-05-06.md	R0_ALLOW	default	allow_with_normal_review
release/readiness/asset_export_orchestrator_hardening_2026-05-06.md	R0_ALLOW	default	allow_with_normal_review
release/readiness/asset_full_corpus_smoke_2026-05-06.md	R0_ALLOW	default	allow_with_normal_review
release/readiness/asset_provenance_answer_2026-05-07.md	R0_ALLOW	default	allow_with_normal_review
release/readiness/asset_provenance_recheck_2026-05-08.md	R0_ALLOW	default	allow_with_normal_review
release/readiness/battleengine_addprojectile_xrefs_2026-05-09.md	R0_ALLOW	default	allow_with_normal_review
release/readiness/battleengine_augmented_weapon_source_anchor_2026-05-07.md	R0_ALLOW	default	allow_with_normal_review
release/readiness/battleengine_cloak_source_anchor_2026-05-07.md	R0_ALLOW	default	allow_with_normal_review
release/readiness/battleengine_config_defaults_binary_doc_2026-05-06.md	R0_ALLOW	default	allow_with_normal_review
release/readiness/battleengine_damage_source_readback_bridge_2026-05-06.md	R0_ALLOW	default	allow_with_normal_review
release/readiness/battleengine_ghidra_readback_2026-05-06.md	R0_ALLOW	default	allow_with_normal_review
release/readiness/battleengine_god_mode_source_bridge_2026-05-07.md	R0_ALLOW	default	allow_with_normal_review
release/readiness/battleengine_helper_ghidra_readback_2026-05-06.md	R0_ALLOW	default	allow_with_normal_review
release/readiness/battleengine_hud_warning_source_xrefs_2026-05-06.md	R0_ALLOW	default	allow_with_normal_review
release/readiness/battleengine_jet_stall_candidate_2026-05-07.md	R0_ALLOW	default	allow_with_normal_review
release/readiness/battleengine_jet_stall_source_anchor_2026-05-07.md	R0_ALLOW	default	allow_with_normal_review
release/readiness/battleengine_locking_source_anchor_2026-05-07.md	R0_ALLOW	default	allow_with_normal_review
release/readiness/battleengine_logic_coverage_2026-05-06.md	R0_ALLOW	default	allow_with_normal_review
release/readiness/battleengine_mechanics_ghidra_readback_2026-05-06.md	R0_ALLOW	default	allow_with_normal_review
release/readiness/battleengine_morph_event_readback_2026-05-06.md	R0_ALLOW	default	allow_with_normal_review
release/readiness/battleengine_morph_source_anchor_correction_2026-05-06.md	R0_ALLOW	default	allow_with_normal_review
release/readiness/battleengine_projectile_helper_stealth_scan_2026-05-08.md	R0_ALLOW	default	allow_with_normal_review
release/readiness/battleengine_remaining_source_only_name_scan_2026-05-07.md	R0_ALLOW	default	allow_with_normal_review
release/readiness/battleengine_selection_helper_ghidra_readback_2026-05-07.md	R0_ALLOW	default	allow_with_normal_review
release/readiness/battleengine_source_binary_gap_2026-05-06.md	R0_ALLOW	default	allow_with_normal_review
release/readiness/battleengine_target_profile_ghidra_readback_2026-05-07.md	R0_ALLOW	default	allow_with_normal_review
release/readiness/battleengine_targeting_source_readback_bridge_2026-05-07.md	R0_ALLOW	default	allow_with_normal_review
release/readiness/battleengine_transform_string_xrefs_2026-05-06.md	R0_ALLOW	default	allow_with_normal_review
release/readiness/battleengine_weapon_burst_caller_xrefs_2026-05-09.md	R0_ALLOW	default	allow_with_normal_review
release/readiness/battleengine_weapon_burst_comment_pass_2026-05-09.md	R0_ALLOW	default	allow_with_normal_review
release/readiness/battleengine_weapon_burst_raw_callsites_2026-05-09.md	R0_ALLOW	default	allow_with_normal_review
release/readiness/battleengine_weapon_construction_candidate_2026-05-09.md	R0_ALLOW	default	allow_with_normal_review
release/readiness/battleengine_weapon_event_handler_rename_2026-05-09.md	R0_ALLOW	default	allow_with_normal_review
release/readiness/battleengine_weapon_helper_ghidra_readback_2026-05-07.md	R0_ALLOW	default	allow_with_normal_review
release/readiness/battleengine_weapon_slot0_boundary_2026-05-09.md	R0_ALLOW	default	allow_with_normal_review
release/readiness/battleengine_weapon_slot0_function_recovery_2026-05-09.md	R0_ALLOW	default	allow_with_normal_review
release/readiness/battleengine_weapon_slot0_xrefs_2026-05-09.md	R0_ALLOW	default	allow_with_normal_review
release/readiness/battleengine_weapon_stealth_source_anchor_2026-05-07.md	R0_ALLOW	default	allow_with_normal_review
release/readiness/cli_goodie_state_override_2026-05-07.md	R0_ALLOW	default	allow_with_normal_review
release/readiness/ghidra_actor_complex_signature_tranche_2026-05-09.md	R0_ALLOW	default	allow_with_normal_review
release/readiness/ghidra_actor_render_signature_correction_2026-05-09.md	R0_ALLOW	default	allow_with_normal_review
release/readiness/ghidra_airguide_airunit_signature_tranche_2026-05-09.md	R0_ALLOW	default	allow_with_normal_review
release/readiness/ghidra_airunit_vfunc_owner_correction_2026-05-09.md	R0_ALLOW	default	allow_with_normal_review
release/readiness/ghidra_animal_vfunc_owner_correction_2026-05-09.md	R0_ALLOW	default	allow_with_normal_review
release/readiness/ghidra_atmospheric_behavior_signature_tranche_2026-05-09.md	R0_ALLOW	default	allow_with_normal_review
release/readiness/ghidra_atmospheric_signature_tranche_2026-05-09.md	R0_ALLOW	default	allow_with_normal_review
release/readiness/ghidra_atmospherics_lifecycle_signature_tranche_2026-05-10.md	R0_ALLOW	default	allow_with_normal_review
release/readiness/ghidra_attachment_escape_pause_signature_2026-05-13.md	R0_ALLOW	default	allow_with_normal_review
release/readiness/ghidra_battleengine_cloak_hud_interpolation_signature_tranche_2026-05-09.md	R0_ALLOW	default	allow_with_normal_review
release/readiness/ghidra_battleengine_d0_tail_signature_tranche_2026-05-09.md	R0_ALLOW	default	allow_with_normal_review
release/readiness/ghidra_battleengine_data_config_signature_tranche_2026-05-09.md	R0_ALLOW	default	allow_with_normal_review
release/readiness/ghidra_battleengine_data_owner_correction_2026-05-09.md	R0_ALLOW	default	allow_with_normal_review
release/readiness/ghidra_battleengine_death_weapon_hud_signature_tranche_2026-05-09.md	R0_ALLOW	default	allow_with_normal_review
release/readiness/ghidra_battleengine_helper_signature_tranche_2026-05-09.md	R0_ALLOW	default	allow_with_normal_review
release/readiness/ghidra_battleengine_hud_profile_signature_tranche_2026-05-09.md	R0_ALLOW	default	allow_with_normal_review
release/readiness/ghidra_battleengine_jetpart_signature_correction_2026-05-10.md	R0_ALLOW	default	allow_with_normal_review
release/readiness/ghidra_battleengine_transition_config_signature_correction_2026-05-10.md	R0_ALLOW	default	allow_with_normal_review
release/readiness/ghidra_battleengine_volume_augment_pickup_signature_tranche_2026-05-09.md	R0_ALLOW	default	allow_with_normal_review
release/readiness/ghidra_battleengine_walkerpart_source_parity_correction_2026-05-10.md	R0_ALLOW	default	allow_with_normal_review
release/readiness/ghidra_boatguide_bomber_lifecycle_signature_correction_2026-05-10.md	R0_ALLOW	default	allow_with_normal_review
release/readiness/ghidra_building_bytesprite_animation_signature_correction_2026-05-10.md	R0_ALLOW	default	allow_with_normal_review
release/readiness/ghidra_camera_source_signature_correction_2026-05-10.md	R0_ALLOW	default	allow_with_normal_review
release/readiness/ghidra_cannon_activation_signature_correction_2026-05-10.md	R0_ALLOW	default	allow_with_normal_review
release/readiness/ghidra_career_options_signature_correction_2026-05-10.md	R0_ALLOW	default	allow_with_normal_review
release/readiness/ghidra_career_save_helper_signature_tranche_2026-05-12.md	R0_ALLOW	default	allow_with_normal_review
release/readiness/ghidra_carrier_carver_boundary_signature_correction_2026-05-10.md	R0_ALLOW	default	allow_with_normal_review
release/readiness/ghidra_cgame_draw_game_stuff_wave405_2026-05-14.md	R0_ALLOW	default	allow_with_normal_review
release/readiness/ghidra_cgame_is_multiplayer_wave406_2026-05-14.md	R0_ALLOW	default	allow_with_normal_review
release/readiness/ghidra_cibuffer_index_buffer_wave413_2026-05-14.md	R0_ALLOW	default	allow_with_normal_review
release/readiness/ghidra_cimageloader_wave414_2026-05-14.md	R0_ALLOW	default	allow_with_normal_review
release/readiness/ghidra_cli_flexarray_signature_correction_2026-05-10.md	R0_ALLOW	default	allow_with_normal_review
release/readiness/ghidra_cmcbuggy_hiveboss_wave431_2026-05-15.md	R0_ALLOW	default	allow_with_normal_review
release/readiness/ghidra_cmcbuggy_wave430_2026-05-15.md	R0_ALLOW	default	allow_with_normal_review
release/readiness/ghidra_cmcgroundattack_hiveboss_wave432_2026-05-15.md	R0_ALLOW	default	allow_with_normal_review
release/readiness/ghidra_cmcmech_wave433_2026-05-15.md	R0_ALLOW	default	allow_with_normal_review
release/readiness/ghidra_cmcmine_sentinel_wave434_2026-05-15.md	R0_ALLOW	default	allow_with_normal_review
release/readiness/ghidra_cmctentacle_warspitedome_wave435_2026-05-16.md	R0_ALLOW	default	allow_with_normal_review
release/readiness/ghidra_cmech_ai_guide_wave437_2026-05-16.md	R0_ALLOW	default	allow_with_normal_review
release/readiness/ghidra_cmech_wave436_2026-05-16.md	R0_ALLOW	default	allow_with_normal_review
release/readiness/ghidra_cmesh_collision_wave445_2026-05-16.md	R0_ALLOW	default	allow_with_normal_review
release/readiness/ghidra_cmesh_tail_wave444_2026-05-16.md	R0_ALLOW	default	allow_with_normal_review
release/readiness/ghidra_cmesh_wave443_2026-05-16.md	R0_ALLOW	default	allow_with_normal_review
release/readiness/ghidra_cockpit_compass_signature_correction_2026-05-09.md	R0_ALLOW	default	allow_with_normal_review
release/readiness/ghidra_cockpit_volume_unitai_signature_correction_2026-05-11.md	R0_ALLOW	default	allow_with_normal_review
release/readiness/ghidra_collision_hl_wave398_2026-05-14.md	R0_ALLOW	default	allow_with_normal_review
release/readiness/ghidra_collision_seeking_round_boundary_signature_correction_2026-05-11.md	R0_ALLOW	default	allow_with_normal_review
release/readiness/ghidra_component_based_copy_signature_2026-05-12.md	R0_ALLOW	default	allow_with_normal_review
release/readiness/ghidra_component_signature_correction_2026-05-12.md	R0_ALLOW	default	allow_with_normal_review
release/readiness/ghidra_component_value_tranche_2026-05-12.md	R0_ALLOW	default	allow_with_normal_review
release/readiness/ghidra_console_signature_tranche_2026-05-12.md	R0_ALLOW	default	allow_with_normal_review
release/readiness/ghidra_controller_base_comment_tranche_2026-05-13.md	R0_ALLOW	default	allow_with_normal_review
release/readiness/ghidra_controls_remap_comment_tranche_2026-05-13.md	R0_ALLOW	default	allow_with_normal_review
release/readiness/ghidra_core_helper_signature_tranche_2026-05-09.md	R0_ALLOW	default	allow_with_normal_review
release/readiness/ghidra_cthing_hit_signature_tranche_2026-05-09.md	R0_ALLOW	default	allow_with_normal_review
release/readiness/ghidra_cutscene_signature_boundary_tranche_2026-05-12.md	R0_ALLOW	default	allow_with_normal_review
release/readiness/ghidra_cylinder_damage_signature_tranche_2026-05-12.md	R0_ALLOW	default	allow_with_normal_review
release/readiness/ghidra_debris_signature_boundary_tranche_2026-05-12.md	R0_ALLOW	default	allow_with_normal_review
release/readiness/ghidra_deferred_00410c50_correction_2026-05-09.md	R0_ALLOW	default	allow_with_normal_review
release/readiness/ghidra_deferred_00418090_context_2026-05-09.md	R0_ALLOW	default	allow_with_normal_review
release/readiness/ghidra_destructable_bridge_signature_boundary_tranche_2026-05-12.md	R0_ALLOW	default	allow_with_normal_review
release/readiness/ghidra_destructable_controller_signature_tranche_2026-05-12.md	R0_ALLOW	default	allow_with_normal_review
release/readiness/ghidra_destructable_controller_tail_signature_tranche_2026-05-12.md	R0_ALLOW	default	allow_with_normal_review
release/readiness/ghidra_destructable_segment_signature_tranche_2026-05-12.md	R0_ALLOW	default	allow_with_normal_review
release/readiness/ghidra_destructable_vtable_boundary_tranche_2026-05-12.md	R0_ALLOW	default	allow_with_normal_review
release/readiness/ghidra_destructable_vtable_tail_boundary_tranche_2026-05-12.md	R0_ALLOW	default	allow_with_normal_review
release/readiness/ghidra_diagnostic_console_wave386_2026-05-13.md	R0_ALLOW	default	allow_with_normal_review
release/readiness/ghidra_dxcompass_signature_correction_2026-05-12.md	R0_ALLOW	default	allow_with_normal_review
release/readiness/ghidra_early_comment_signature_tranche_2026-05-10.md	R0_ALLOW	default	allow_with_normal_review
release/readiness/ghidra_early_helper_signature_tranche_2026-05-09.md	R0_ALLOW	default	allow_with_normal_review
release/readiness/ghidra_early_high_signal_correction_2026-05-13.md	R0_ALLOW	default	allow_with_normal_review
release/readiness/ghidra_early_queue_signature_correction_2026-05-10.md	R0_ALLOW	default	allow_with_normal_review
release/readiness/ghidra_engine_overlay_burst_wave425_2026-05-14.md	R0_ALLOW	default	allow_with_normal_review
release/readiness/ghidra_engine_render_resource_signature_tranche_2026-05-13.md	R0_ALLOW	default	allow_with_normal_review
release/readiness/ghidra_engine_render_tail_signature_tranche_2026-05-13.md	R0_ALLOW	default	allow_with_normal_review
release/readiness/ghidra_engine_viewpoint_signature_tranche_2026-05-13.md	R0_ALLOW	default	allow_with_normal_review
release/readiness/ghidra_explosion_value_tranche_2026-05-12.md	R0_ALLOW	default	allow_with_normal_review
release/readiness/ghidra_fatal_controller_signature_tranche_2026-05-12.md	R0_ALLOW	default	allow_with_normal_review
release/readiness/ghidra_feature_monitor_boundary_recovery_2026-05-13.md	R0_ALLOW	default	allow_with_normal_review
release/readiness/ghidra_feature_unitai_frontend_signature_tranche_2026-05-13.md	R0_ALLOW	default	allow_with_normal_review
release/readiness/ghidra_feature_value_tranche_2026-05-12.md	R0_ALLOW	default	allow_with_normal_review
release/readiness/ghidra_fep_beconfig_boundary_signature_tranche_2026-05-13.md	R0_ALLOW	default	allow_with_normal_review
release/readiness/ghidra_fepbeconfig_selected_entry_wave403_2026-05-14.md	R0_ALLOW	default	allow_with_normal_review
release/readiness/ghidra_fepdemo_wave402_2026-05-14.md	R0_ALLOW	default	allow_with_normal_review
release/readiness/ghidra_fepdevelopment_wave384_2026-05-13.md	R0_ALLOW	default	allow_with_normal_review
release/readiness/ghidra_fepmain_wave401_2026-05-14.md	R0_ALLOW	default	allow_with_normal_review
release/readiness/ghidra_fepmultiplayerstart_subobj_wave399_2026-05-14.md	R0_ALLOW	default	allow_with_normal_review
release/readiness/ghidra_firing_animation_wave393_2026-05-14.md	R0_ALLOW	default	allow_with_normal_review
release/readiness/ghidra_fmv_play_wave404_2026-05-14.md	R0_ALLOW	default	allow_with_normal_review
release/readiness/ghidra_frontend_briefing_tweak_wave380_2026-05-13.md	R0_ALLOW	default	allow_with_normal_review
release/readiness/ghidra_frontend_controls_signature_tranche_2026-05-13.md	R0_ALLOW	default	allow_with_normal_review
release/readiness/ghidra_frontend_core_wave377_2026-05-13.md	R0_ALLOW	default	allow_with_normal_review
release/readiness/ghidra_frontend_localization_wave378_2026-05-13.md	R0_ALLOW	default	allow_with_normal_review
release/readiness/ghidra_frontend_media_common_video_tranche_2026-05-13.md	R0_ALLOW	default	allow_with_normal_review
release/readiness/ghidra_frontend_preview_wave379_2026-05-13.md	R0_ALLOW	default	allow_with_normal_review
release/readiness/ghidra_frontend_queue_wave376_2026-05-13.md	R0_ALLOW	default	allow_with_normal_review
release/readiness/ghidra_frontend_save_load_tranche_2026-05-13.md	R0_ALLOW	default	allow_with_normal_review
release/readiness/ghidra_game_dxgame_wave385_2026-05-13.md	R0_ALLOW	default	allow_with_normal_review
release/readiness/ghidra_game_helper_wave381_2026-05-13.md	R0_ALLOW	default	allow_with_normal_review
release/readiness/ghidra_game_interface_wave382_2026-05-13.md	R0_ALLOW	default	allow_with_normal_review
release/readiness/ghidra_gamut_wave383_2026-05-13.md	R0_ALLOW	default	allow_with_normal_review
release/readiness/ghidra_general_volume_active_reader_signature_tranche_2026-05-09.md	R0_ALLOW	default	allow_with_normal_review
release/readiness/ghidra_general_volume_axis_correction_2026-05-09.md	R0_ALLOW	default	allow_with_normal_review
release/readiness/ghidra_general_volume_changeweapon_signature_tranche_2026-05-09.md	R0_ALLOW	default	allow_with_normal_review
release/readiness/ghidra_generalvolume_boat_signature_correction_2026-05-10.md	R0_ALLOW	default	allow_with_normal_review
release/readiness/ghidra_geometry_collision_wave387_2026-05-13.md	R0_ALLOW	default	allow_with_normal_review
release/readiness/ghidra_gillm_family_wave389_2026-05-13.md	R0_ALLOW	default	allow_with_normal_review
release/readiness/ghidra_gillm_start_state_vector_wave409_2026-05-14.md	R0_ALLOW	default	allow_with_normal_review
release/readiness/ghidra_gillmhead_ai_wave390_2026-05-14.md	R0_ALLOW	default	allow_with_normal_review
release/readiness/ghidra_goodies_wave395_2026-05-14.md	R0_ALLOW	default	allow_with_normal_review
release/readiness/ghidra_ground_attack_aircraft_wave391_2026-05-14.md	R0_ALLOW	default	allow_with_normal_review
release/readiness/ghidra_ground_unit_vehicle_wave392_2026-05-14.md	R0_ALLOW	default	allow_with_normal_review
release/readiness/ghidra_hazard_value_tranche_2026-05-12.md	R0_ALLOW	default	allow_with_normal_review
release/readiness/ghidra_heightfield_shadow_caller_boundary_2026-05-09.md	R0_ALLOW	default	allow_with_normal_review
release/readiness/ghidra_heightfield_wave394_2026-05-14.md	R0_ALLOW	default	allow_with_normal_review
release/readiness/ghidra_help_hive_wave397_2026-05-14.md	R0_ALLOW	default	allow_with_normal_review
release/readiness/ghidra_hud_battleline_tail_wave412_2026-05-14.md	R0_ALLOW	default	allow_with_normal_review
release/readiness/ghidra_hud_head_wave400_2026-05-14.md	R0_ALLOW	default	allow_with_normal_review
release/readiness/ghidra_hud_overlay_helpers_wave411_2026-05-14.md	R0_ALLOW	default	allow_with_normal_review
release/readiness/ghidra_hud_overlay_wave410_2026-05-14.md	R0_ALLOW	default	allow_with_normal_review
release/readiness/ghidra_imposter_wave415_2026-05-14.md	R0_ALLOW	default	allow_with_normal_review
release/readiness/ghidra_infantry_guide_wave417_2026-05-14.md	R0_ALLOW	default	allow_with_normal_review
release/readiness/ghidra_infantry_lifecycle_wave416_2026-05-14.md	R0_ALLOW	default	allow_with_normal_review
release/readiness/ghidra_influencemap_wave418_2026-05-14.md	R0_ALLOW	default	allow_with_normal_review
release/readiness/ghidra_initthing_load_wave424_2026-05-14.md	R0_ALLOW	default	allow_with_normal_review
release/readiness/ghidra_initthing_wave419_2026-05-14.md	R0_ALLOW	default	allow_with_normal_review
release/readiness/ghidra_landscape_patch_wave422_2026-05-14.md	R0_ALLOW	default	allow_with_normal_review
release/readiness/ghidra_landscape_texture_wave421_2026-05-14.md	R0_ALLOW	default	allow_with_normal_review
release/readiness/ghidra_level_briefing_messagebox_wave423_2026-05-14.md	R0_ALLOW	default	allow_with_normal_review
release/readiness/ghidra_linked_monitor_signature_tranche_2026-05-09.md	R0_ALLOW	default	allow_with_normal_review
release/readiness/ghidra_map_resource_wave426_2026-05-14.md	R0_ALLOW	default	allow_with_normal_review
release/readiness/ghidra_maptex_wave427_2026-05-14.md	R0_ALLOW	default	allow_with_normal_review
release/readiness/ghidra_mapwho_line_wave429_2026-05-14.md	R0_ALLOW	default	allow_with_normal_review
release/readiness/ghidra_mapwho_wave428_2026-05-14.md	R0_ALLOW	default	allow_with_normal_review
release/readiness/ghidra_mech_radar_signature_tranche_2026-05-09.md	R0_ALLOW	default	allow_with_normal_review
release/readiness/ghidra_memorymanager_wave438_2026-05-16.md	R0_ALLOW	default	allow_with_normal_review
release/readiness/ghidra_memorymanager_wave439_2026-05-16.md	R0_ALLOW	default	allow_with_normal_review
release/readiness/ghidra_menuitem_base_comment_tranche_2026-05-13.md	R0_ALLOW	default	allow_with_normal_review
release/readiness/ghidra_menuitem_dropdown_slider_wave441_2026-05-16.md	R0_ALLOW	default	allow_with_normal_review
release/readiness/ghidra_menuitem_range_wave442_2026-05-16.md	R0_ALLOW	default	allow_with_normal_review
release/readiness/ghidra_menuitem_wave440_2026-05-16.md	R0_ALLOW	default	allow_with_normal_review
release/readiness/ghidra_mesh_grid_signature_tranche_2026-05-13.md	R0_ALLOW	default	allow_with_normal_review
release/readiness/ghidra_meshpart_cannon_signature_boundary_tranche_2026-05-13.md	R0_ALLOW	default	allow_with_normal_review
release/readiness/ghidra_meshpart_cmc_existing_signature_tranche_2026-05-13.md	R0_ALLOW	default	allow_with_normal_review
release/readiness/ghidra_meshpart_cmc_slot_boundary_tranche_2026-05-13.md	R0_ALLOW	default	allow_with_normal_review
release/readiness/ghidra_monitor_gameplay_signature_tranche_2026-05-09.md	R0_ALLOW	default	allow_with_normal_review
release/readiness/ghidra_monitor_ground_tracked_list_signature_tranche_2026-05-10.md	R0_ALLOW	default	allow_with_normal_review
release/readiness/ghidra_movement_jetpart_signature_correction_2026-05-10.md	R0_ALLOW	default	allow_with_normal_review
release/readiness/ghidra_name_confidence_comment_pass_2026-05-09.md	R0_ALLOW	default	allow_with_normal_review
release/readiness/ghidra_name_confidence_deferral_correction_2026-05-09.md	R0_ALLOW	default	allow_with_normal_review
release/readiness/ghidra_name_confidence_tranche1_2026-05-09.md	R0_ALLOW	default	allow_with_normal_review
release/readiness/ghidra_name_confidence_tranche2_2026-05-09.md	R0_ALLOW	default	allow_with_normal_review
release/readiness/ghidra_name_confidence_tranche2_comment_pass_2026-05-09.md	R0_ALLOW	default	allow_with_normal_review
release/readiness/ghidra_name_confidence_tranche2_rename_2026-05-09.md	R0_ALLOW	default	allow_with_normal_review
release/readiness/ghidra_name_confidence_tranche3_2026-05-09.md	R0_ALLOW	default	allow_with_normal_review
release/readiness/ghidra_name_confidence_tranche3_correction_2026-05-09.md	R0_ALLOW	default	allow_with_normal_review
release/readiness/ghidra_name_confidence_tranche4_2026-05-09.md	R0_ALLOW	default	allow_with_normal_review
release/readiness/ghidra_name_confidence_tranche4_correction_2026-05-09.md	R0_ALLOW	default	allow_with_normal_review
release/readiness/ghidra_name_confidence_tranche5_correction_2026-05-09.md	R0_ALLOW	default	allow_with_normal_review
release/readiness/ghidra_name_confidence_tranche6_2026-05-09.md	R0_ALLOW	default	allow_with_normal_review
release/readiness/ghidra_name_confidence_tranche6_correction_2026-05-09.md	R0_ALLOW	default	allow_with_normal_review
release/readiness/ghidra_opening_animation_callback_rename_2026-05-09.md	R0_ALLOW	default	allow_with_normal_review
release/readiness/ghidra_options_platform_input_comment_tranche_2026-05-13.md	R0_ALLOW	default	allow_with_normal_review
release/readiness/ghidra_particle_token_landscape_wave420_2026-05-14.md	R0_ALLOW	default	allow_with_normal_review
release/readiness/ghidra_physics_script_signature_tranche_2026-05-12.md	R0_ALLOW	default	allow_with_normal_review
release/readiness/ghidra_physics_script_statement_tranche2_2026-05-12.md	R0_ALLOW	default	allow_with_normal_review
release/readiness/ghidra_physics_script_statement_tranche3_2026-05-12.md	R0_ALLOW	default	allow_with_normal_review
release/readiness/ghidra_physics_script_statement_tranche_2026-05-12.md	R0_ALLOW	default	allow_with_normal_review
release/readiness/ghidra_physics_script_unit_weapon_value_tranche_2026-05-12.md	R0_ALLOW	default	allow_with_normal_review
release/readiness/ghidra_platform_chunker_timer_signature_correction_2026-05-10.md	R0_ALLOW	default	allow_with_normal_review
release/readiness/ghidra_queue_head_helper_wave388_2026-05-13.md	R0_ALLOW	default	allow_with_normal_review
release/readiness/ghidra_remaining_name_confidence_2026-05-09.md	R0_ALLOW	default	allow_with_normal_review
release/readiness/ghidra_rename_map_preflight_2026-05-06.md	R0_ALLOW	default	allow_with_normal_review
release/readiness/ghidra_renderqueue_depth_gate_wave407_2026-05-14.md	R0_ALLOW	default	allow_with_normal_review
release/readiness/ghidra_repairpad_helper_comment_tranche_2026-05-12.md	R0_ALLOW	default	allow_with_normal_review
release/readiness/ghidra_round_sound_value_tranche_2026-05-12.md	R0_ALLOW	default	allow_with_normal_review
release/readiness/ghidra_round_value_tail_tranche_2026-05-12.md	R0_ALLOW	default	allow_with_normal_review
release/readiness/ghidra_seek_behaviour_state_tranche_2026-05-12.md	R0_ALLOW	default	allow_with_normal_review
release/readiness/ghidra_signature_candidate_correction_2026-05-09.md	R0_ALLOW	default	allow_with_normal_review
release/readiness/ghidra_spawner_value_tranche_2026-05-12.md	R0_ALLOW	default	allow_with_normal_review
release/readiness/ghidra_spline_building_signature_correction_2026-05-10.md	R0_ALLOW	default	allow_with_normal_review
release/readiness/ghidra_spline_bytesprite_signature_tranche_2026-05-09.md	R0_ALLOW	default	allow_with_normal_review
release/readiness/ghidra_squadnormal_select_target_wave408_2026-05-14.md	R0_ALLOW	default	allow_with_normal_review
release/readiness/ghidra_static_reaudit_baseline_2026-05-09.md	R0_ALLOW	default	allow_with_normal_review
release/readiness/ghidra_static_reaudit_queue_2026-05-09.md	R0_ALLOW	default	allow_with_normal_review
release/readiness/ghidra_terrain_tail_wave396_2026-05-14.md	R0_ALLOW	default	allow_with_normal_review
release/readiness/ghidra_transition_targeting_signature_tranche_2026-05-09.md	R0_ALLOW	default	allow_with_normal_review
release/readiness/ghidra_unitai_activation_signature_correction_2026-05-12.md	R0_ALLOW	default	allow_with_normal_review
release/readiness/ghidra_unitai_deploy_signature_correction_2026-05-10.md	R0_ALLOW	default	allow_with_normal_review
release/readiness/ghidra_unitai_dive_dropship_signature_tranche_2026-05-13.md	R0_ALLOW	default	allow_with_normal_review
release/readiness/ghidra_unitai_grid_cooldown_rename_2026-05-09.md	R0_ALLOW	default	allow_with_normal_review
release/readiness/ghidra_unitai_indexed_entry_boundary_tranche_2026-05-12.md	R0_ALLOW	default	allow_with_normal_review
release/readiness/ghidra_unitai_tail_guide_line_signature_tranche_2026-05-13.md	R0_ALLOW	default	allow_with_normal_review
release/readiness/ghidra_vector_geometry_signature_tranche_2026-05-09.md	R0_ALLOW	default	allow_with_normal_review
release/readiness/ghidra_vector_math_rename_2026-05-09.md	R0_ALLOW	default	allow_with_normal_review
release/readiness/ghidra_vector_math_signature_tranche_2026-05-09.md	R0_ALLOW	default	allow_with_normal_review
release/readiness/ghidra_walker_dash_surface_correction_2026-05-10.md	R0_ALLOW	default	allow_with_normal_review
release/readiness/ghidra_weapon_burst_provisional_review_2026-05-09.md	R0_ALLOW	default	allow_with_normal_review
release/readiness/ghidra_weapon_burst_raw_boundary_recovery_2026-05-10.md	R0_ALLOW	default	allow_with_normal_review
release/readiness/ghidra_weapon_burst_signature_tranche_2026-05-09.md	R0_ALLOW	default	allow_with_normal_review
release/readiness/ghidra_weapon_mode_value_tranche_2026-05-12.md	R0_ALLOW	default	allow_with_normal_review
release/readiness/goodies_asset_matrix_2026-05-07.md	R0_ALLOW	default	allow_with_normal_review
release/readiness/goodies_catalog_linkage_2026-05-07.md	R0_ALLOW	default	allow_with_normal_review
release/readiness/goodies_external_codebreaker_crosscheck_2026-05-08.md	R0_ALLOW	default	allow_with_normal_review
release/readiness/goodies_frontend_art_asset_probe_2026-05-08.md	R0_ALLOW	default	allow_with_normal_review
release/readiness/goodies_frontend_selection_static_review_2026-05-07.md	R0_ALLOW	default	allow_with_normal_review
release/readiness/goodies_ghidra_headless_readback_2026-05-07.md	R0_ALLOW	default	allow_with_normal_review
release/readiness/goodies_grid_mapping_appcore_2026-05-07.md	R0_ALLOW	default	allow_with_normal_review
release/readiness/goodies_hidden_path_static_refresh_2026-05-08.md	R0_ALLOW	default	allow_with_normal_review
release/readiness/goodies_model_viewer_alignment_2026-05-08.md	R0_ALLOW	default	allow_with_normal_review
release/readiness/goodies_model_viewer_runtime_preflight_2026-05-08.md	R0_ALLOW	default	allow_with_normal_review
release/readiness/goodies_packed_script_probe_2026-05-07.md	R0_ALLOW	default	allow_with_normal_review
release/readiness/goodies_race_row_grid_guard_2026-05-07.md	R0_ALLOW	default	allow_with_normal_review
release/readiness/goodies_re_coverage_map_2026-05-07.md	R0_ALLOW	default	allow_with_normal_review
release/readiness/goodies_resource_archive_census_2026-05-08.md	R0_ALLOW	default	allow_with_normal_review
release/readiness/goodies_runtime_readback_2026-05-07.md	R0_ALLOW	default	allow_with_normal_review
release/readiness/goodies_scalar_candidate_classification_2026-05-08.md	R0_ALLOW	default	allow_with_normal_review
release/readiness/goodies_scalar_reference_scan_2026-05-08.md	R0_ALLOW	default	allow_with_normal_review
release/readiness/goodies_selection_observer_log_probe_2026-05-07.md	R0_ALLOW	default	allow_with_normal_review
release/readiness/goodies_selection_observer_probe_plan_2026-05-07.md	R0_ALLOW	default	allow_with_normal_review
release/readiness/goodies_source_topology_probe_2026-05-07.md	R0_ALLOW	default	allow_with_normal_review
release/readiness/goodies_unlock_ghidra_readback_2026-05-07.md	R0_ALLOW	default	allow_with_normal_review
release/readiness/model_texture_linkage_probe_2026-05-08.md	R0_ALLOW	default	allow_with_normal_review
release/readiness/pr1_merge_readiness_2026-05-27.md	R0_ALLOW	default	allow_with_normal_review
release/readiness/public_AGENTS.md	R0_ALLOW	default	allow_with_normal_review
release/readiness/public_CONTRIBUTING.txt	R0_ALLOW	default	allow_with_normal_review
release/readiness/public_CURRENT_CAPABILITIES.txt	R0_ALLOW	default	allow_with_normal_review
release/readiness/public_README.txt	R0_ALLOW	default	allow_with_normal_review
release/readiness/public_RE_INDEX.txt	R0_ALLOW	default	allow_with_normal_review
release/readiness/public_ROADMAP_INDEX.txt	R0_ALLOW	default	allow_with_normal_review
release/readiness/public_candidate_allowlist.tsv	R0_ALLOW	default	allow_with_normal_review
release/readiness/public_gitignore.txt	R0_ALLOW	default	allow_with_normal_review
release/readiness/public_lore_book_BOOK.txt	R0_ALLOW	default	allow_with_normal_review
release/readiness/public_lore_book_Start-Here.txt	R0_ALLOW	default	allow_with_normal_review
release/readiness/public_lore_book_lore_index.txt	R0_ALLOW	default	allow_with_normal_review
release/readiness/public_lore_book_mod_patch_runtime_rebuild_register.txt	R0_ALLOW	default	allow_with_normal_review
release/readiness/public_lore_index.txt	R0_ALLOW	default	allow_with_normal_review
release/readiness/public_mod_patch_runtime_rebuild_register.txt	R0_ALLOW	default	allow_with_normal_review
release/readiness/public_msl_scripting.txt	R0_ALLOW	default	allow_with_normal_review
release/readiness/public_package.json	R0_ALLOW	default	allow_with_normal_review
release/readiness/public_quick_reference_index.txt	R0_ALLOW	default	allow_with_normal_review
release/readiness/public_winui_ui_ux_redesign_radar.txt	R0_ALLOW	default	allow_with_normal_review
release/readiness/re_corpus_inventory_refresh_2026-05-06.md	R0_ALLOW	default	allow_with_normal_review
release/readiness/real_asset_extraction_smoke_2026-05-07.md	R0_ALLOW	default	allow_with_normal_review
release/readiness/redaction_notes.md	R0_ALLOW	default	allow_with_normal_review
release/readiness/release_candidate_evidence_2026-04-30.md	R0_ALLOW	default	allow_with_normal_review
release/readiness/release_lane_strategy_2026-05-01.md	R0_ALLOW	default	allow_with_normal_review
release/readiness/transition_hud_helper_ghidra_readback_2026-05-06.md	R0_ALLOW	default	allow_with_normal_review
release/readiness/ux_goal_evidence_2026-05-01.md	R0_ALLOW	default	allow_with_normal_review
release/readiness/ux_goal_visual_review_2026-05-01.md	R0_ALLOW	default	allow_with_normal_review
release/readiness/video_manifest_root_guard_2026-05-06.md	R0_ALLOW	default	allow_with_normal_review
release/readiness/winui_about_product_lane_smoke_2026-05-06.md	R0_ALLOW	default	allow_with_normal_review
release/readiness/winui_accessibility_automation_ids_review_2026-05-06.md	R0_ALLOW	default	allow_with_normal_review
release/readiness/winui_accessible_name_source_guard_2026-05-07.md	R0_ALLOW	default	allow_with_normal_review
release/readiness/winui_appconfig_normalization_guard_2026-05-07.md	R0_ALLOW	default	allow_with_normal_review
release/readiness/winui_appconfig_save_detection_guard_2026-05-07.md	R0_ALLOW	default	allow_with_normal_review
release/readiness/winui_asset_catalog_provenance_2026-05-07.md	R0_ALLOW	default	allow_with_normal_review
release/readiness/winui_asset_catalog_readability_2026-05-06.md	R0_ALLOW	default	allow_with_normal_review
release/readiness/winui_asset_library_export_actions_2026-05-06.md	R0_ALLOW	default	allow_with_normal_review
release/readiness/winui_asset_library_integration_2026-05-06.md	R0_ALLOW	default	allow_with_normal_review
release/readiness/winui_asset_library_model_copy_2026-05-06.md	R0_ALLOW	default	allow_with_normal_review
release/readiness/winui_asset_library_real_catalog_breadth_2026-05-07.md	R0_ALLOW	default	allow_with_normal_review
release/readiness/winui_asset_library_row_breadth_2026-05-06.md	R0_ALLOW	default	allow_with_normal_review
release/readiness/winui_asset_texture_preview_visual_2026-05-06.md	R0_ALLOW	default	allow_with_normal_review
release/readiness/winui_automation_id_uniqueness_guard_2026-05-06.md	R0_ALLOW	default	allow_with_normal_review
release/readiness/winui_card_primary_button_visibility_2026-05-06.md	R0_ALLOW	default	allow_with_normal_review
release/readiness/winui_configuration_editor_copied_options_smoke_2026-05-06.md	R0_ALLOW	default	allow_with_normal_review
release/readiness/winui_controller_mapping_table_diagnostic_2026-06-18.md	R0_ALLOW	default	allow_with_normal_review
release/readiness/winui_dependency_compatibility_update_2026-05-06.md	R0_ALLOW	default	allow_with_normal_review
release/readiness/winui_dependency_license_review_2026-05-06.md	R0_ALLOW	default	allow_with_normal_review
release/readiness/winui_free_camera_pause_context_diagnostic_2026-06-18.md	R0_ALLOW	default	allow_with_normal_review
release/readiness/winui_goodies_catalog_foundation_2026-05-07.md	R0_ALLOW	default	allow_with_normal_review
release/readiness/winui_goodies_facts_panel_2026-05-07.md	R0_ALLOW	default	allow_with_normal_review
release/readiness/winui_goodies_preview_coverage_2026-05-07.md	R0_ALLOW	default	allow_with_normal_review
release/readiness/winui_goodies_real_model_preview_smoke_2026-05-07.md	R0_ALLOW	default	allow_with_normal_review
release/readiness/winui_goodies_save_state_browser_2026-05-07.md	R0_ALLOW	default	allow_with_normal_review
release/readiness/winui_goodies_unlock_requirements_2026-05-07.md	R0_ALLOW	default	allow_with_normal_review
release/readiness/winui_goodies_wall_placement_2026-05-07.md	R0_ALLOW	default	allow_with_normal_review
release/readiness/winui_goodies_wall_visibility_2026-05-07.md	R0_ALLOW	default	allow_with_normal_review
release/readiness/winui_home_accessibility_ids_2026-05-06.md	R0_ALLOW	default	allow_with_normal_review
release/readiness/winui_installer_preflight_current_msix_evidence_2026-05-08.md	R0_ALLOW	default	allow_with_normal_review
release/readiness/winui_installer_preflight_toolchain_2026-05-06.md	R0_ALLOW	default	allow_with_normal_review
release/readiness/winui_installer_signing_preflight_2026-05-06.md	R0_ALLOW	default	allow_with_normal_review
release/readiness/winui_keyboard_accessibility_review_2026-05-06.md	R0_ALLOW	default	allow_with_normal_review
release/readiness/winui_lane_solution_2026-05-06.md	R0_ALLOW	default	allow_with_normal_review
release/readiness/winui_lgpl_redistribution_review_2026-05-06.md	R0_ALLOW	default	allow_with_normal_review
release/readiness/winui_light_theme_default_2026-05-06.md	R0_ALLOW	default	allow_with_normal_review
release/readiness/winui_lore_reader_interaction_smoke_2026-05-06.md	R0_ALLOW	default	allow_with_normal_review
release/readiness/winui_media_broader_family_playback_2026-05-06.md	R0_ALLOW	default	allow_with_normal_review
release/readiness/winui_media_catalog_coverage_smoke_2026-05-06.md	R0_ALLOW	default	allow_with_normal_review
release/readiness/winui_media_catalog_decodability_2026-05-06.md	R0_ALLOW	default	allow_with_normal_review
release/readiness/winui_media_interaction_smoke_2026-05-06.md	R0_ALLOW	default	allow_with_normal_review
release/readiness/winui_media_representative_playback_smoke_2026-05-06.md	R0_ALLOW	default	allow_with_normal_review
release/readiness/winui_media_video_player_layout_2026-05-06.md	R0_ALLOW	default	allow_with_normal_review
release/readiness/winui_model_material_mapping_modes_2026-05-08.md	R0_ALLOW	default	allow_with_normal_review
release/readiness/winui_model_metadata_preview_2026-05-06.md	R0_ALLOW	default	allow_with_normal_review
release/readiness/winui_model_normal_mapping_modes_2026-05-08.md	R0_ALLOW	default	allow_with_normal_review
release/readiness/winui_model_preview_coverage_2026-05-06.md	R0_ALLOW	default	allow_with_normal_review
release/readiness/winui_model_sidecar_texture_preview_2026-05-08.md	R0_ALLOW	default	allow_with_normal_review
release/readiness/winui_model_texture_catalog_coverage_2026-05-08.md	R0_ALLOW	default	allow_with_normal_review
release/readiness/winui_model_texture_link_copy_2026-05-08.md	R0_ALLOW	default	allow_with_normal_review
release/readiness/winui_model_texture_placeholder_filter_2026-05-08.md	R0_ALLOW	default	allow_with_normal_review
release/readiness/winui_model_uv_mapping_modes_2026-05-08.md	R0_ALLOW	default	allow_with_normal_review
release/readiness/winui_model_vertex_color_metadata_2026-05-08.md	R0_ALLOW	default	allow_with_normal_review
release/readiness/winui_model_wireframe_preview_2026-05-06.md	R0_ALLOW	default	allow_with_normal_review
release/readiness/winui_model_wireframe_view_controls_2026-05-06.md	R0_ALLOW	default	allow_with_normal_review
release/readiness/winui_msix_candidate_probe_2026-05-06.md	R0_ALLOW	default	allow_with_normal_review
release/readiness/winui_msix_current_candidate_probe_2026-05-08.md	R0_ALLOW	default	allow_with_normal_review
release/readiness/winui_msix_current_signing_probe_2026-05-08.md	R0_ALLOW	default	allow_with_normal_review
release/readiness/winui_msix_current_untrusted_install_probe_2026-05-08.md	R0_ALLOW	default	allow_with_normal_review
release/readiness/winui_msix_probe_2026-05-06.md	R0_ALLOW	default	allow_with_normal_review
release/readiness/winui_msix_signing_probe_2026-05-06.md	R0_ALLOW	default	allow_with_normal_review
release/readiness/winui_msix_trusted_install_guarded_blocker_2026-05-22.md	R0_ALLOW	default	allow_with_normal_review
release/readiness/winui_msix_trusted_install_probe_2026-05-06.md	R0_ALLOW	default	allow_with_normal_review
release/readiness/winui_msix_untrusted_install_probe_2026-05-06.md	R0_ALLOW	default	allow_with_normal_review
release/readiness/winui_music_audible_proof_contract_2026-06-22.md	R0_ALLOW	default	allow_with_normal_review
release/readiness/winui_music_audio_loopback_preflight_2026-06-22.md	R0_ALLOW	default	allow_with_normal_review
release/readiness/winui_named_input_automation_ids_2026-05-06.md	R0_ALLOW	default	allow_with_normal_review
release/readiness/winui_nuget_vulnerability_check_2026-05-06.md	R0_ALLOW	default	allow_with_normal_review
release/readiness/winui_packaging_test_guard_2026-05-06.md	R0_ALLOW	default	allow_with_normal_review
release/readiness/winui_page_button_automation_ids_2026-05-06.md	R0_ALLOW	default	allow_with_normal_review
release/readiness/winui_patch_bench_controls_pause_group_2026-06-18.md	R0_ALLOW	default	allow_with_normal_review
release/readiness/winui_patch_bench_copied_executable_smoke_2026-05-06.md	R0_ALLOW	default	allow_with_normal_review
release/readiness/winui_pause_key_default_initializer_2026-06-18.md	R0_ALLOW	default	allow_with_normal_review
release/readiness/winui_pause_o_scan_initializer_runtime_2026-06-18.md	R0_ALLOW	default	allow_with_normal_review
release/readiness/winui_primary_action_contrast_guard_2026-05-06.md	R0_ALLOW	default	allow_with_normal_review
release/readiness/winui_primary_lane_full_validation_2026-05-06.md	R0_ALLOW	default	allow_with_normal_review
release/readiness/winui_primary_lane_validation_wrapper_2026-05-06.md	R0_ALLOW	default	allow_with_normal_review
release/readiness/winui_publish_smoke_2026-05-05.md	R0_ALLOW	default	allow_with_normal_review
release/readiness/winui_publish_smoke_helper_2026-05-06.md	R0_ALLOW	default	allow_with_normal_review
release/readiness/winui_published_notice_inclusion_2026-05-06.md	R0_ALLOW	default	allow_with_normal_review
release/readiness/winui_published_representative_media_smoke_2026-05-06.md	R0_ALLOW	default	allow_with_normal_review
release/readiness/winui_real_asset_visual_smoke_2026-05-06.md	R0_ALLOW	default	allow_with_normal_review
release/readiness/winui_runtime_accessibility_maximized_smoke_2026-05-08.md	R0_ALLOW	default	allow_with_normal_review
release/readiness/winui_runtime_accessibility_smoke_2026-05-06.md	R0_ALLOW	default	allow_with_normal_review
release/readiness/winui_save_analyzer_real_save_smoke_2026-05-06.md	R0_ALLOW	default	allow_with_normal_review
release/readiness/winui_save_editor_copied_save_smoke_2026-05-06.md	R0_ALLOW	default	allow_with_normal_review
release/readiness/winui_save_goodies_state_foundation_2026-05-07.md	R0_ALLOW	default	allow_with_normal_review
release/readiness/winui_scroll_surface_accessibility_guard_2026-05-07.md	R0_ALLOW	default	allow_with_normal_review
release/readiness/winui_scrolled_visual_accessibility_review_2026-05-06.md	R0_ALLOW	default	allow_with_normal_review
release/readiness/winui_scrolled_visual_qa_maximized_2026-05-07.md	R0_ALLOW	default	allow_with_normal_review
release/readiness/winui_semantic_status_brushes_2026-05-06.md	R0_ALLOW	default	allow_with_normal_review
release/readiness/winui_settings_interaction_smoke_2026-05-06.md	R0_ALLOW	default	allow_with_normal_review
release/readiness/winui_status_docs_refresh_2026-05-07.md	R0_ALLOW	default	allow_with_normal_review
release/readiness/winui_theme_contrast_audit_2026-05-06.md	R0_ALLOW	default	allow_with_normal_review
release/readiness/winui_theme_resource_centralization_2026-05-06.md	R0_ALLOW	default	allow_with_normal_review
release/readiness/winui_visual_capture_harness_guard_2026-05-07.md	R0_ALLOW	default	allow_with_normal_review
release/readiness/winui_visual_qa_2026-05-05.md	R0_ALLOW	default	allow_with_normal_review
release/readiness/winui_visual_qa_refresh_2026-05-06.md	R0_ALLOW	default	allow_with_normal_review
release/readiness/winui_window_size_persistence_2026-05-07.md	R0_ALLOW	default	allow_with_normal_review
release/readiness/winui_windowed_mods_preset_ux_2026-06-16.md	R0_ALLOW	default	allow_with_normal_review
release/readiness/winui_windows_appsdk2_migration_2026-05-06.md	R0_ALLOW	default	allow_with_normal_review
release/readiness/winui_zip_current_runtime_smoke_2026-05-08.md	R0_ALLOW	default	allow_with_normal_review
release/readiness/winui_zip_package_probe_2026-05-06.md	R0_ALLOW	default	allow_with_normal_review
release/readiness/winui_zip_package_probe_2026-05-27.md	R0_ALLOW	default	allow_with_normal_review
release/readiness/winui_zip_release_candidate_probe_2026-05-06.md	R0_ALLOW	default	allow_with_normal_review
release/readiness/winui_zip_release_candidate_probe_2026-05-27.md	R0_ALLOW	default	allow_with_normal_review
reverse-engineering/RE-INDEX.md	R0_ALLOW	default	allow_with_normal_review
reverse-engineering/binary-analysis/executable-analysis.md	R0_ALLOW	default	allow_with_normal_review
reverse-engineering/binary-analysis/windowed-mode-analysis.md	R0_ALLOW	default	allow_with_normal_review
reverse-engineering/game-assets/aya-asset-format.md	R0_ALLOW	default	allow_with_normal_review
reverse-engineering/game-assets/msl-scripting.md	R0_ALLOW	default	allow_with_normal_review
reverse-engineering/public-assets-and-modding.md	R0_ALLOW	default	allow_with_normal_review
reverse-engineering/public-save-options.md	R0_ALLOW	default	allow_with_normal_review
reverse-engineering/public-static-contracts.md	R0_ALLOW	default	allow_with_normal_review
reverse-engineering/quick-reference/_index.md	R0_ALLOW	default	allow_with_normal_review
reverse-engineering/quick-reference/aya-resource-chunks.md	R0_ALLOW	default	allow_with_normal_review
reverse-engineering/quick-reference/aya-tags.md	R0_ALLOW	default	allow_with_normal_review
reverse-engineering/quick-reference/battleengine-config-values.md	R0_ALLOW	default	allow_with_normal_review
reverse-engineering/quick-reference/cli-parameters.md	R0_ALLOW	default	allow_with_normal_review
reverse-engineering/quick-reference/engine-singletons.md	R0_ALLOW	default	allow_with_normal_review
reverse-engineering/quick-reference/msl-commands.md	R0_ALLOW	default	allow_with_normal_review
reverse-engineering/quick-reference/save-goodies.md	R0_ALLOW	default	allow_with_normal_review
reverse-engineering/quick-reference/save-kills.md	R0_ALLOW	default	allow_with_normal_review
reverse-engineering/quick-reference/save-ranks.md	R0_ALLOW	default	allow_with_normal_review
reverse-engineering/quick-reference/save-structs.md	R0_ALLOW	default	allow_with_normal_review
reverse-engineering/quick-reference/source-files.md	R0_ALLOW	default	allow_with_normal_review
reverse-engineering/quick-reference/source-hierarchy.md	R0_ALLOW	default	allow_with_normal_review
reverse-engineering/quick-reference/source-key-functions.md	R0_ALLOW	default	allow_with_normal_review
roadmap/ROADMAP-INDEX.md	R0_ALLOW	default	allow_with_normal_review
roadmap/mod-patch-runtime-rebuild-register.md	R0_ALLOW	default	allow_with_normal_review
roadmap/music-audible-proof-contract.v1.json	R0_ALLOW	default	allow_with_normal_review
roadmap/original-binary-online-level854-fire-damage-outcome.v1.json	R0_ALLOW	default	allow_with_normal_review
roadmap/original-binary-online-level854-fire-handoff.v1.json	R0_ALLOW	default	allow_with_normal_review
roadmap/original-binary-online-level854-input-assisted-outcome.v1.json	R0_ALLOW	default	allow_with_normal_review
roadmap/public-roadmap.md	R0_ALLOW	default	allow_with_normal_review
roadmap/rebuild-front-door-chain-map.md	R0_ALLOW	default	allow_with_normal_review
roadmap/repo-structure-and-archive-map.md	R0_ALLOW	default	allow_with_normal_review
roadmap/status-current.md	R0_ALLOW	default	allow_with_normal_review
roadmap/three-lane-product-strategy.md	R0_ALLOW	default	allow_with_normal_review
roadmap/winui-toolchain-and-qa-direction.md	R0_ALLOW	default	allow_with_normal_review
roadmap/winui-ui-ux-redesign-radar.md	R0_ALLOW	default	allow_with_normal_review
tests_shared/__init__.py	R0_ALLOW	default	allow_with_normal_review
tests_shared/fixture_paths.py	R0_ALLOW	default	allow_with_normal_review
tools/README.md	R0_ALLOW	default	allow_with_normal_review
tools/aya_archive_inventory.py	R0_ALLOW	default	allow_with_normal_review
tools/export_asset_catalog.py	R0_ALLOW	default	allow_with_normal_review
tools/generate_winui_third_party_notices.py	R0_ALLOW	default	allow_with_normal_review
tools/hard_payload_safety_check.py	R0_ALLOW	default	allow_with_normal_review
tools/md_link_check.py	R0_ALLOW	default	allow_with_normal_review
tools/prepare_game_profile.ps1	R0_ALLOW	default	allow_with_normal_review
tools/prepare_game_profile_test.py	R0_ALLOW	default	allow_with_normal_review
tools/public_allowlist_safety_check.py	R0_ALLOW	default	allow_with_normal_review
tools/public_candidate_inventory_check.py	R0_ALLOW	default	allow_with_normal_review
tools/public_package_doc_command_check.py	R0_ALLOW	default	allow_with_normal_review
tools/repo_line_endings_check.py	R0_ALLOW	default	allow_with_normal_review
tools/repo_line_endings_check_test.py	R0_ALLOW	default	allow_with_normal_review
tools/repo_text_hygiene_check.py	R0_ALLOW	default	allow_with_normal_review
tools/repo_text_hygiene_check_test.py	R0_ALLOW	default	allow_with_normal_review
tools/runtime-probes/local-multiplayer-level854-fire-damage-outcome-observer.cdb.txt	R0_ALLOW	public-safe-runtime-probe	allow_with_normal_review
tools/runtime-probes/local-multiplayer-level854-fire-handoff-observer.cdb.txt	R0_ALLOW	public-safe-runtime-probe	allow_with_normal_review
tools/runtime-probes/local-multiplayer-level854-input-assisted-outcome-observer.cdb.txt	R0_ALLOW	public-safe-runtime-probe	allow_with_normal_review
tools/safe_generated_output.py	R0_ALLOW	default	allow_with_normal_review
tools/winui_installer_preflight.py	R0_ALLOW	default	allow_with_normal_review
tools/winui_msix_candidate_probe.py	R0_ALLOW	default	allow_with_normal_review
tools/winui_patch_catalog_accounting_check.py	R0_ALLOW	default	allow_with_normal_review
tools/winui_primary_lane_validation.py	R0_ALLOW	default	allow_with_normal_review
tsconfig.base.json	R0_ALLOW	default	allow_with_normal_review
