address	status	name	signature	note
004a37c0	created	FUN_004a37c0	undefined FUN_004a37c0(void)	disassemble+create succeeded
004a3be0	created	FUN_004a3be0	undefined FUN_004a3be0(void)	disassemble+create succeeded
004a40e0	created	FUN_004a40e0	undefined FUN_004a40e0(void)	disassemble+create succeeded
004a4110	created	FUN_004a4110	undefined FUN_004a4110(void)	disassemble+create succeeded
004a4290	created	FUN_004a4290	undefined FUN_004a4290(void)	disassemble+create succeeded
004a42f0	created	FUN_004a42f0	undefined FUN_004a42f0(void)	disassemble+create succeeded
004a4310	created	FUN_004a4310	undefined FUN_004a4310(void)	disassemble+create succeeded
004a43a0	created	FUN_004a43a0	undefined FUN_004a43a0(void)	disassemble+create succeeded
004a4450	created	FUN_004a4450	undefined FUN_004a4450(void)	disassemble+create succeeded
