address	name	signature
0x0055d6a0	CDXTexture__Unk_0055d6a0	void __stdcall CDXTexture__Unk_0055d6a0(void * param_1)
0x0055d6db	CDXTexture__Unk_0055d6db	void __stdcall CDXTexture__Unk_0055d6db(int param_1, void * param_2)
0x0055d6e2	CDXTexture__Unk_0055d6e2	void __stdcall CDXTexture__Unk_0055d6e2(int param_1, int param_2)
0x0055d767	CDXTexture__Unk_0055d767	int CDXTexture__Unk_0055d767(void)
0x0055d7bb	CDXTexture__Unk_0055d7bb	void __cdecl CDXTexture__Unk_0055d7bb(int param_1, int param_2, int param_3)
0x0055da5e	CDXTexture__Unk_0055da5e	void CDXTexture__Unk_0055da5e(void)
0x0055da76	CDXTexture__Unk_0055da76	void CDXTexture__Unk_0055da76(void)
0x0055da8d	CDXTexture__Unk_0055da8d	void CDXTexture__Unk_0055da8d(void)
0x0055dc8a	CDXTexture__Unk_0055dc8a	void CDXTexture__Unk_0055dc8a(void)
0x0055dcb0	CDXTexture__Unk_0055dcb0	void CDXTexture__Unk_0055dcb0(void)
0x0055dccd	CDXTexture__Unk_0055dccd	double __cdecl CDXTexture__Unk_0055dccd(int param_1, uint param_2)
0x0055dd7b	CDXTexture__Unk_0055dd7b	void CDXTexture__Unk_0055dd7b(void)
0x0055dda8	CDXTexture__Unk_0055dda8	void __cdecl CDXTexture__Unk_0055dda8(int param_1)
0x0055ddca	CDXTexture__Unk_0055ddca	void __cdecl CDXTexture__Unk_0055ddca(uint param_1, int param_2, int param_3)
0x0055de81	CDXTexture__Unk_0055de81	void __cdecl CDXTexture__Unk_0055de81(void * param_1, void * param_2)
0x0055df28	CDXTexture__Unk_0055df28	int __cdecl CDXTexture__Unk_0055df28(int param_1)
0x0055dfa6	CDXTexture__Unk_0055dfa6	int __cdecl CDXTexture__Unk_0055dfa6(int param_1)
0x0055e3ea	CDXTexture__Unk_0055e3ea	void CDXTexture__Unk_0055e3ea(void)
0x0055e412	CDXTexture__Unk_0055e412	void __cdecl CDXTexture__Unk_0055e412(int param_1, int param_2)
0x0055e42a	CDXTexture__Unk_0055e42a	void CDXTexture__Unk_0055e42a(void)
0x0055e624	CDXTexture__Unk_0055e624	void __cdecl CDXTexture__Unk_0055e624(void * param_1, void * param_2)
0x0055e7ae	CDXTexture__Unk_0055e7ae	void __cdecl CDXTexture__Unk_0055e7ae(void * param_1, void * param_2, uint param_3, void * param_4)
0x0055e902	CDXTexture__Unk_0055e902	void __cdecl CDXTexture__Unk_0055e902(uint param_1, uint param_2, int param_3, void * param_4)
0x0055e950	CDXTexture__Unk_0055e950	void __cdecl CDXTexture__Unk_0055e950(void * param_1, void * param_2, int param_3)
0x0055eb00	CDXTexture__Unk_0055eb00	short * __cdecl CDXTexture__Unk_0055eb00(void * param_1, void * param_2, int param_3)
0x0055f19d	CDXTexture__Unk_0055f19d	uint __cdecl CDXTexture__Unk_0055f19d(void * param_1, uint param_2, uint param_3, void * param_4)
0x0055f347	CDXTexture__Unk_0055f347	int __cdecl CDXTexture__Unk_0055f347(int param_1)
0x0055fa40	CDXTexture__Unk_0055fa40	void CDXTexture__Unk_0055fa40(void)
0x0055fa62	CDXTexture__Unk_0055fa62	int __cdecl CDXTexture__Unk_0055fa62(int param_1, uint param_2, int param_3, uint param_4)
0x0055fc35	CDXTexture__Unk_0055fc35	void CDXTexture__Unk_0055fc35(void)
0x0055fe78	CDXTexture__Unk_0055fe78	void __cdecl CDXTexture__Unk_0055fe78(uint param_1)
0x0055fea7	CDXTexture__Unk_0055fea7	void __cdecl CDXTexture__Unk_0055fea7(int param_1, int param_2)
0x0055feec	CDXTexture__Unk_0055feec	int __cdecl CDXTexture__Unk_0055feec(void * param_1)
0x0056004d	CDXTexture__Unk_0056004d	char * __cdecl CDXTexture__Unk_0056004d(void * param_1)
0x005602ae	CDXTexture__Unk_005602ae	void __cdecl CDXTexture__Unk_005602ae(int param_1)
0x005602d2	CDXTexture__Unk_005602d2	int CDXTexture__Unk_005602d2(void)
0x0056036d	CDXTexture__Unk_0056036d	int CDXTexture__Unk_0056036d(void)
0x00560627	CDXTexture__Unk_00560627	void __cdecl CDXTexture__Unk_00560627(int param_1, int param_2, int param_3, int param_4)
0x005606c5	CDXTexture__Unk_005606c5	int CDXTexture__Unk_005606c5(void)
0x00560b93	CDXTexture__Unk_00560b93	int CDXTexture__Unk_00560b93(void)
0x00560bfa	CDXTexture__Unk_00560bfa	void CDXTexture__Unk_00560bfa(void)
0x00560c5b	CDXTexture__Unk_00560c5b	void CDXTexture__Unk_00560c5b(void)
0x00560cb1	CDXTexture__Unk_00560cb1	void CDXTexture__Unk_00560cb1(void)
0x00560cc3	CDXTexture__Unk_00560cc3	int CDXTexture__Unk_00560cc3(void)
0x00560d01	CDXTexture__Unk_00560d01	void CDXTexture__Unk_00560d01(void)
0x00560d2a	CDXTexture__Unk_00560d2a	void __cdecl CDXTexture__Unk_00560d2a(void * param_1)
0x005611da	CDXTexture__Unk_005611da	void __cdecl CDXTexture__Unk_005611da(int param_1)
0x00561530	CDXTexture__Unk_00561530	int CDXTexture__Unk_00561530(void)
0x00561590	CDXTexture__Unk_00561590	int CDXTexture__Unk_00561590(void)
0x005615a5	CDXTexture__Unk_005615a5	void CDXTexture__Unk_005615a5(void)
0x005615bc	CDXTexture__Unk_005615bc	int CDXTexture__Unk_005615bc(void)
0x00561618	CDXTexture__Unk_00561618	uint __cdecl CDXTexture__Unk_00561618(int param_1, uint param_2)
0x00562013	CDXTexture__Unk_00562013	int __cdecl CDXTexture__Unk_00562013(void * param_1)
0x0056235d	CDXTexture__Unk_0056235d	int __cdecl CDXTexture__Unk_0056235d(int param_1)
0x005623c7	CDXTexture__Unk_005623c7	void CDXTexture__Unk_005623c7(void)
0x00562442	CDXTexture__Unk_00562442	void CDXTexture__Unk_00562442(void)
0x00562537	CDXTexture__Unk_00562537	int CDXTexture__Unk_00562537(void)
0x0056381b	CDXTexture__Unk_0056381b	int __cdecl CDXTexture__Unk_0056381b(void * param_1)
0x005638a8	CDXTexture__Unk_005638a8	void __cdecl CDXTexture__Unk_005638a8(int param_1, void * param_2)
0x00563ad3	CDXTexture__Unk_00563ad3	void CDXTexture__Unk_00563ad3(void)
0x00563ada	CDXTexture__Unk_00563ada	void CDXTexture__Unk_00563ada(void)
0x00564d79	CDXTexture__Unk_00564d79	int CDXTexture__Unk_00564d79(void)
0x00564e41	CDXTexture__Unk_00564e41	int __cdecl CDXTexture__Unk_00564e41(uint param_1)
0x00564e9e	CDXTexture__Unk_00564e9e	int __cdecl CDXTexture__Unk_00564e9e(uint param_1)
0x005657d0	CDXTexture__Unk_005657d0	void __cdecl CDXTexture__Unk_005657d0(int param_1, int param_2, void * param_3)
0x0056611f	CDXTexture__Unk_0056611f	void __cdecl CDXTexture__Unk_0056611f(void * param_1)
0x0056614c	CDXTexture__Unk_0056614c	int CDXTexture__Unk_0056614c(void)
0x00566294	CDXTexture__Unk_00566294	int __cdecl CDXTexture__Unk_00566294(int param_1)
0x005662f1	CDXTexture__Unk_005662f1	int __cdecl CDXTexture__Unk_005662f1(int param_1)
0x00566339	CDXTexture__Unk_00566339	uint __cdecl CDXTexture__Unk_00566339(int param_1)
0x005670eb	CDXTexture__Unk_005670eb	void __cdecl CDXTexture__Unk_005670eb(int param_1, int param_2, void * param_3)
0x00567505	CDXTexture__Unk_00567505	int __cdecl CDXTexture__Unk_00567505(uint param_1, int param_2, int param_3)
0x0056756a	CDXTexture__Unk_0056756a	int __cdecl CDXTexture__Unk_0056756a(int param_1, void * param_2, uint param_3)
0x00567700	CDXTexture__Unk_00567700	int __cdecl CDXTexture__Unk_00567700(void * param_1, void * param_2, uint param_3)
0x00567a35	CDXTexture__Unk_00567a35	void __cdecl CDXTexture__Unk_00567a35(uint param_1)
0x00567aa8	CDXTexture__Unk_00567aa8	int CDXTexture__Unk_00567aa8(void)
0x00567ab1	CDXTexture__Unk_00567ab1	int CDXTexture__Unk_00567ab1(void)
0x00567aba	CDXTexture__Unk_00567aba	uint __cdecl CDXTexture__Unk_00567aba(void * param_1)
0x00568667	CDXTexture__Unk_00568667	int __cdecl CDXTexture__Unk_00568667(int param_1, int param_2, double param_3, void * param_4)
0x00568797	CDXTexture__Unk_00568797	int __thiscall CDXTexture__Unk_00568797(void * this, int param_1, double param_2)
0x005687fc	CDXTexture__Unk_005687fc	void CDXTexture__Unk_005687fc(void)
0x005689b8	CDXTexture__Unk_005689b8	int * __cdecl CDXTexture__Unk_005689b8(int param_1, int param_2)
0x00568a51	CDXTexture__Unk_00568a51	void CDXTexture__Unk_00568a51(void)
0x00568ada	CDXTexture__Unk_00568ada	void CDXTexture__Unk_00568ada(void)
0x00568b76	CDXTexture__Unk_00568b76	int __cdecl CDXTexture__Unk_00568b76(uint param_1, int param_2, int param_3)
0x00568bdb	CDXTexture__Unk_00568bdb	int __cdecl CDXTexture__Unk_00568bdb(uint param_1, int param_2, int param_3)
0x00568c4e	CDXTexture__Unk_00568c4e	int __cdecl CDXTexture__Unk_00568c4e(int param_1, void * param_2)
0x00568e1e	CDXTexture__Unk_00568e1e	void CDXTexture__Unk_00568e1e(void)
0x00568ed7	CDXTexture__Unk_00568ed7	void CDXTexture__Unk_00568ed7(void)
0x00568f70	CDXTexture__Unk_00568f70	void __cdecl CDXTexture__Unk_00568f70(void * param_1, void * param_2, void * param_3, void * param_4, void * param_5)
0x00569124	CDXTexture__Unk_00569124	int CDXTexture__Unk_00569124(void)
0x0056928f	CDXTexture__Unk_0056928f	void __cdecl CDXTexture__Unk_0056928f(int param_1)
0x005693e2	CDXTexture__Unk_005693e2	bool __cdecl CDXTexture__Unk_005693e2(void * param_1, uint param_2)
0x005693fe	CDXTexture__Unk_005693fe	bool __cdecl CDXTexture__Unk_005693fe(int param_1, uint param_2)
0x00569449	CDXTexture__Unk_00569449	uint __cdecl CDXTexture__Unk_00569449(uint param_1, uint param_2)
0x0056947e	CDXTexture__Unk_0056947e	void __cdecl CDXTexture__Unk_0056947e(uint param_1, uint param_2)
0x00569494	CDXTexture__Unk_00569494	uint __cdecl CDXTexture__Unk_00569494(uint param_1)
0x00569526	CDXTexture__Unk_00569526	uint __cdecl CDXTexture__Unk_00569526(uint param_1)
0x005695af	CDXTexture__Unk_005695af	int __cdecl CDXTexture__Unk_005695af(int param_1)
0x0056961e	CDXTexture__Unk_0056961e	uint __thiscall CDXTexture__Unk_0056961e(void * this, void * param_1, uint param_2)
0x005696e9	CDXTexture__Unk_005696e9	int __cdecl CDXTexture__Unk_005696e9(int param_1, int param_2)
0x00569732	CDXTexture__Unk_00569732	void __cdecl CDXTexture__Unk_00569732(int param_1, int param_2)
0x00569856	CDXTexture__Unk_00569856	void __cdecl CDXTexture__Unk_00569856(void * param_1, uint param_2)
0x005698e3	CDXTexture__Unk_005698e3	int __cdecl CDXTexture__Unk_005698e3(void * param_1, void * param_2, void * param_3)
0x00569a4f	CDXTexture__Unk_00569a4f	void __cdecl CDXTexture__Unk_00569a4f(void * param_1, void * param_2)
0x00569cb8	CDXTexture__Unk_00569cb8	void CDXTexture__Unk_00569cb8(void)
0x00569cc1	CDXTexture__Unk_00569cc1	void __cdecl CDXTexture__Unk_00569cc1(int param_1, void * param_2, void * param_3)
0x00569d91	CDXTexture__Unk_00569d91	void __cdecl CDXTexture__Unk_00569d91(void * param_1)
0x00569dd5	CDXTexture__Unk_00569dd5	int __cdecl CDXTexture__Unk_00569dd5(uint param_1)
0x00569dfe	CDXTexture__Unk_00569dfe	int __cdecl CDXTexture__Unk_00569dfe(int param_1, int param_2)
0x00569e57	CDXTexture__Unk_00569e57	int __cdecl CDXTexture__Unk_00569e57(int param_1, int param_2)
0x0056a82d	CDXTexture__Unk_0056a82d	int __cdecl CDXTexture__Unk_0056a82d(void * param_1, uint param_2)
0x0056a8c4	CDXTexture__Unk_0056a8c4	int __cdecl CDXTexture__Unk_0056a8c4(void * param_1, uint param_2)
0x0056ad25	CDXTexture__Unk_0056ad25	uint __cdecl CDXTexture__Unk_0056ad25(int param_1, uint param_2, uint param_3, uint param_4)
0x0056aff4	CDXTexture__Unk_0056aff4	int CDXTexture__Unk_0056aff4(void)
0x0056b117	CDXTexture__Unk_0056b117	int __cdecl CDXTexture__Unk_0056b117(uint param_1, int param_2)
0x0056b193	CDXTexture__Unk_0056b193	int __cdecl CDXTexture__Unk_0056b193(uint param_1)
0x0056bdc9	CDXTexture__Unk_0056bdc9	void __cdecl CDXTexture__Unk_0056bdc9(int param_1)
0x0056d176	CDXTexture__Unk_0056d176	bool __cdecl CDXTexture__Unk_0056d176(int param_1, int param_2)
0x0056d18a	CDXTexture__Unk_0056d18a	int __cdecl CDXTexture__Unk_0056d18a(int param_1, uint param_2)
0x0056dc9b	CDXTexture__Unk_0056dc9b	uint __cdecl CDXTexture__Unk_0056dc9b(uint param_1, void * param_2)
0x0056ddc2	CDXTexture__Unk_0056ddc2	int __cdecl CDXTexture__Unk_0056ddc2(int param_1, int param_2, int param_3, void * param_4)
0x0056e0ec	CDXTexture__Unk_0056e0ec	void __cdecl CDXTexture__Unk_0056e0ec(uint param_1, void * param_2, uint param_3, int param_4)
0x0056e148	CDXTexture__Unk_0056e148	void * __cdecl CDXTexture__Unk_0056e148(uint param_1, void * param_2, uint param_3)
0x0056e170	CDXTexture__Unk_0056e170	int __cdecl CDXTexture__Unk_0056e170(void * param_1, void * param_2, void * param_3)
0x0056e5bf	CDXTexture__Unk_0056e5bf	int CDXTexture__Unk_0056e5bf(void)
0x0056e62d	CDXTexture__Unk_0056e62d	int CDXTexture__Unk_0056e62d(void)
0x0056f280	CDXTexture__Unk_0056f280	int __fastcall CDXTexture__Unk_0056f280(int param_1)
0x0056f4b0	CDXTexture__Unk_0056f4b0	void __thiscall CDXTexture__Unk_0056f4b0(void * this, int param_1, void * param_2, void * param_3)
0x0056fec0	CDXTexture__Unk_0056fec0	void __cdecl CDXTexture__Unk_0056fec0(void * param_1, void * param_2, void * param_3, void * param_4)
0x00571080	CDXTexture__Unk_00571080	bool __stdcall CDXTexture__Unk_00571080(void * param_1, int param_2, int param_3)
0x00572f50	CDXTexture__Unk_00572f50	void __stdcall CDXTexture__Unk_00572f50(void * param_1, void * param_2, void * param_3)
0x00575cdd	CDXTexture__Unk_00575cdd	int CDXTexture__Unk_00575cdd(void)
0x00575d20	CDXTexture__Unk_00575d20	void CDXTexture__Unk_00575d20(void)
0x00575d44	CDXTexture__Unk_00575d44	void CDXTexture__Unk_00575d44(void)
0x00575d8c	CDXTexture__Unk_00575d8c	void CDXTexture__Unk_00575d8c(void)
0x00575d99	CDXTexture__Unk_00575d8c	void CDXTexture__Unk_00575d8c(void)
0x0057617e	CDXTexture__Unk_0057617e	void CDXTexture__Unk_0057617e(void)
0x005761f7	CDXTexture__Unk_005761f7	void CDXTexture__Unk_005761f7(void)
0x00576286	CDXTexture__Unk_00576286	void CDXTexture__Unk_00576286(void)
0x00577239	CDXTexture__Unk_00577239	void __stdcall CDXTexture__Unk_00577239(int param_1, int param_2, int param_3, int param_4)
0x005772c9	CDXTexture__Unk_005772c9	void __stdcall CDXTexture__Unk_005772c9(int param_1, int param_2)
0x005772e5	CDXTexture__Unk_005772e5	void __stdcall CDXTexture__Unk_005772e5(void * param_1, float param_2)
0x0057735f	CDXTexture__Unk_0057735f	void __stdcall CDXTexture__Unk_0057735f(int param_1, int param_2)
0x0057737b	CDXTexture__Unk_0057737b	void __stdcall CDXTexture__Unk_0057737b(void * param_1, float param_2)
0x005773f6	CDXTexture__Unk_005773f6	void __stdcall CDXTexture__Unk_005773f6(int param_1, int param_2)
0x00577412	CDXTexture__Unk_00577412	void __stdcall CDXTexture__Unk_00577412(void * param_1, float param_2)
0x00577dd5	CDXTexture__Unk_00577dd5	void CDXTexture__Unk_00577dd5(void)
0x00577de2	CDXTexture__Unk_00577de2	void CDXTexture__Unk_00577de2(void)
0x00577e80	CDXTexture__Unk_00577e80	void __stdcall CDXTexture__Unk_00577e80(int param_1, int param_2, int param_3, int param_4)
0x005780d6	CDXTexture__Unk_005780d6	void CDXTexture__Unk_005780d6(void)
0x005786c0	CDXTexture__Unk_005786c0	int CDXTexture__Unk_005786c0(void)
0x00578758	CDXTexture__Unk_00578758	void __stdcall CDXTexture__Unk_00578758(void * param_1, void * param_2, void * param_3)
0x00578794	CDXTexture__Unk_00578794	int CDXTexture__Unk_00578794(void)
0x005787e8	CDXTexture__Unk_005787e8	void __stdcall CDXTexture__Unk_005787e8(void * param_1, void * param_2)
0x00578885	CDXTexture__Unk_00578885	void __stdcall CDXTexture__Unk_00578885(void * param_1, void * param_2, void * param_3)
0x00578941	CDXTexture__Unk_00578941	int CDXTexture__Unk_00578941(void)
0x00578a20	CDXTexture__Unk_00578a20	int CDXTexture__Unk_00578a20(void)
0x00578bad	CDXTexture__Unk_00578bad	void CDXTexture__Unk_00578bad(void)
0x00579e08	CDXTexture__Unk_00579e08	int __thiscall CDXTexture__Unk_00579e08(void * this, void * param_1, void * param_2, void * param_3)
0x0057af0a	CDXTexture__Unk_0057af0a	int __stdcall CDXTexture__Unk_0057af0a(int param_1, int param_2)
0x0057b182	CDXTexture__Unk_0057b182	int __thiscall CDXTexture__Unk_0057b182(void * this, void * param_1, void * param_2, uint param_3)
0x0057b6fa	CDXTexture__Unk_0057b6fa	uint __thiscall CDXTexture__Unk_0057b6fa(void * this, void * param_1, void * param_2, uint param_3)
0x0057b9ce	CDXTexture__Unk_0057b9ce	int __stdcall CDXTexture__Unk_0057b9ce(int param_1, int param_2)
0x0057ca6a	CDXTexture__Unk_0057ca6a	int CDXTexture__Unk_0057ca6a(void)
0x0057cc53	CDXTexture__Unk_0057cc53	void __fastcall CDXTexture__Unk_0057cc53(void * param_1)
0x0057cc5d	CDXTexture__Unk_0057cc5d	void __fastcall CDXTexture__Unk_0057cc5d(void * param_1)
0x0057d0ee	CDXTexture__Unk_0057d0ee	int CDXTexture__Unk_0057d0ee(void)
0x0057d244	CDXTexture__Unk_0057d244	int CDXTexture__Unk_0057d244(void)
0x00580ef4	CDXTexture__Unk_00580ef4	int CDXTexture__Unk_00580ef4(void)
0x005818b7	CDXTexture__Unk_005818b7	void __fastcall CDXTexture__Unk_005818b7(int param_1)
0x00581a4f	CDXTexture__Unk_00581a4f	int CDXTexture__Unk_00581a4f(void)
0x00581d49	CDXTexture__Unk_00581d49	void __fastcall CDXTexture__Unk_00581d49(void * param_1)
0x00581e1c	CDXTexture__Unk_00581e1c	void __thiscall CDXTexture__Unk_00581e1c(void * this, int param_1, uint param_2)
0x00582ef8	CDXTexture__Unk_00582ef8	void __thiscall CDXTexture__Unk_00582ef8(void * this, void * param_1, uint param_2, uint param_3, int param_4)
0x00583041	CDXTexture__Unk_00583041	void __thiscall CDXTexture__Unk_00583041(void * this, void * param_1, uint param_2, uint param_3, int param_4)
0x0058318a	CDXTexture__Unk_0058318a	void __thiscall CDXTexture__Unk_0058318a(void * this, void * param_1, uint param_2, uint param_3, int param_4)
0x005832af	CDXTexture__Unk_005832af	void __thiscall CDXTexture__Unk_005832af(void * this, void * param_1, uint param_2, uint param_3, int param_4)
0x005833a6	CDXTexture__Unk_005833a6	void __thiscall CDXTexture__Unk_005833a6(void * this, void * param_1, uint param_2, uint param_3, int param_4)
0x005834ef	CDXTexture__Unk_005834ef	void __thiscall CDXTexture__Unk_005834ef(void * this, void * param_1, uint param_2, uint param_3, int param_4)
0x00583670	CDXTexture__Unk_00583670	void __thiscall CDXTexture__Unk_00583670(void * this, void * param_1, uint param_2, uint param_3, int param_4)
0x005837b7	CDXTexture__Unk_005837b7	void __thiscall CDXTexture__Unk_005837b7(void * this, void * param_1, uint param_2, float param_3, uint param_4)
0x00584724	CDXTexture__Unk_00584724	void __thiscall CDXTexture__Unk_00584724(void * this, void * param_1, int param_2, int param_3, int param_4)
0x00584786	CDXTexture__Unk_00584786	void __thiscall CDXTexture__Unk_00584786(void * this, void * param_1, int param_2, int param_3, int param_4)
0x005847e9	CDXTexture__Unk_005847e9	void __thiscall CDXTexture__Unk_005847e9(void * this, void * param_1, int param_2, int param_3, int param_4)
0x00584831	CDXTexture__Unk_00584831	void __thiscall CDXTexture__Unk_00584831(void * this, void * param_1, int param_2, int param_3, void * param_4)
0x00584886	CDXTexture__Unk_00584886	void __thiscall CDXTexture__Unk_00584886(void * this, void * param_1, int param_2, int param_3, void * param_4)
0x005848e3	CDXTexture__Unk_005848e3	void __thiscall CDXTexture__Unk_005848e3(void * this, void * param_1, int param_2, int param_3, void * param_4)
0x00584936	CDXTexture__Unk_00584936	void __thiscall CDXTexture__Unk_00584936(void * this, void * param_1, uint param_2, uint param_3, int param_4)
0x00585576	CDXTexture__Unk_00585576	void __thiscall CDXTexture__Unk_00585576(void * this, void * param_1, int param_2, int param_3, void * param_4)
0x0058562d	CDXTexture__Unk_0058562d	void __thiscall CDXTexture__Unk_0058562d(void * this, void * param_1, int param_2, int param_3, void * param_4)
0x005856b8	CDXTexture__Unk_005856b8	void __thiscall CDXTexture__Unk_005856b8(void * this, void * param_1, int param_2, int param_3, void * param_4)
0x00585bd3	CDXTexture__Unk_00585bd3	void * __thiscall CDXTexture__Unk_00585bd3(void * this, void * param_1, int param_2)
0x00585da3	CDXTexture__Unk_00585da3	void __thiscall CDXTexture__Unk_00585da3(void * this, void * param_1, int param_2, int param_3, void * param_4)
0x00585e9f	CDXTexture__Unk_00585e9f	void __thiscall CDXTexture__Unk_00585e9f(void * this, void * param_1, int param_2, int param_3, void * param_4)
0x005861b4	CDXTexture__Unk_005861b4	void __thiscall CDXTexture__Unk_005861b4(void * this, void * param_1, int param_2, int param_3, void * param_4)
0x00586305	CDXTexture__Unk_00586305	void __thiscall CDXTexture__Unk_00586305(void * this, void * param_1, int param_2, int param_3, void * param_4)
0x00586609	CDXTexture__Unk_00586609	void __thiscall CDXTexture__Unk_00586609(void * this, void * param_1, int param_2, int param_3, uint param_4)
0x0058677b	CDXTexture__Unk_0058677b	void __thiscall CDXTexture__Unk_0058677b(void * this, void * param_1, int param_2, int param_3, uint param_4)
0x0058864a	CDXTexture__Unk_0058864a	void __fastcall CDXTexture__Unk_0058864a(void * param_1)
0x0058865c	CDXTexture__Unk_0058865c	int __thiscall CDXTexture__Unk_0058865c(void * this, void * param_1, int param_2, int param_3)
0x00588cc6	CDXTexture__Unk_00588cc6	void __stdcall CDXTexture__Unk_00588cc6(void * param_1, void * param_2, void * param_3, float param_4, void * param_5)
0x00589094	CDXTexture__Unk_00589094	int __stdcall CDXTexture__Unk_00589094(int param_1, int param_2, int param_3)
0x005890f1	CDXTexture__Unk_005890f1	int __fastcall CDXTexture__Unk_005890f1(int param_1, int param_2)
0x00589116	CDXTexture__Unk_00589116	int CDXTexture__Unk_00589116(void)
0x0058939b	CDXTexture__Unk_0058939b	void * __thiscall CDXTexture__Unk_0058939b(void * this, void * param_1, int param_2)
0x005893d1	CDXTexture__Unk_005893d1	void __fastcall CDXTexture__Unk_005893d1(int param_1)
0x005893e9	CDXTexture__Unk_005893e9	void * __thiscall CDXTexture__Unk_005893e9(void * this, void * param_1, int param_2)
0x00589438	CDXTexture__Unk_00589438	void __fastcall CDXTexture__Unk_00589438(int param_1)
0x0058a578	CDXTexture__Unk_0058a578	int __stdcall CDXTexture__Unk_0058a578(void * param_1)
0x0058c0e4	CDXTexture__Unk_0058c0e4	void __fastcall CDXTexture__Unk_0058c0e4(void * param_1)
0x0058c107	CDXTexture__Unk_0058c107	void __thiscall CDXTexture__Unk_0058c107(void * this, void * param_1, int param_2)
0x0058c95c	CDXTexture__Unk_0058c95c	int __cdecl CDXTexture__Unk_0058c95c(void * param_1, int param_2, int param_3)
0x0058cabd	CDXTexture__Unk_0058cabd	void __thiscall CDXTexture__Unk_0058cabd(void * this, void * param_1, int param_2, void * param_3)
0x00590cde	CDXTexture__Unk_00590cde	int __stdcall CDXTexture__Unk_00590cde(void * param_1, void * param_2, void * param_3)
0x00591280	CDXTexture__Unk_00591280	int __stdcall CDXTexture__Unk_00591280(void * param_1)
0x00591ef0	CDXTexture__Unk_00591ef0	int __stdcall CDXTexture__Unk_00591ef0(void * param_1)
0x00591fc0	CDXTexture__Unk_00591fc0	void __fastcall CDXTexture__Unk_00591fc0(int param_1)
0x005921a0	CDXTexture__Unk_005921a0	void __thiscall CDXTexture__Unk_005921a0(void * this, uint param_1, int param_2)
0x00592ca0	CDXTexture__Unk_00592ca0	void __thiscall CDXTexture__Unk_00592ca0(void * this, int param_1, int param_2, void * param_3)
0x005933c6	CDXTexture__Unk_005933c6	void __stdcall CDXTexture__Unk_005933c6(int param_1, void * param_2)
0x00593411	CDXTexture__Unk_00593411	void __stdcall CDXTexture__Unk_00593411(void * param_1, int param_2, int param_3)
0x00593526	CDXTexture__Unk_00593526	void __stdcall CDXTexture__Unk_00593526(void * param_1, void * param_2, void * param_3)
0x005935a3	CDXTexture__Unk_005935a3	uint __stdcall CDXTexture__Unk_005935a3(int param_1, int param_2, uint param_3)
0x005935c0	CDXTexture__Unk_005935c0	int __stdcall CDXTexture__Unk_005935c0(int param_1, int param_2)
0x005937f6	CDXTexture__Unk_005937f6	int __stdcall CDXTexture__Unk_005937f6(int param_1)
0x00593994	CDXTexture__Unk_00593994	void __stdcall CDXTexture__Unk_00593994(int param_1, void * param_2)
0x00594ef8	CDXTexture__Unk_00594ef8	void __stdcall CDXTexture__Unk_00594ef8(int param_1, int param_2, double param_3)
0x00594fdc	CDXTexture__Unk_00594fdc	void __stdcall CDXTexture__Unk_00594fdc(int param_1, int param_2, int param_3)
0x0059512b	CDXTexture__Unk_0059512b	int __stdcall CDXTexture__Unk_0059512b(int param_1, int param_2, int param_3)
0x0059517e	CDXTexture__Unk_0059517e	void __stdcall CDXTexture__Unk_0059517e(int param_1, int param_2)
0x00595183	CDXTexture__Unk_00595183	void __stdcall CDXTexture__Unk_00595183(int param_1)
0x005951d9	CDXTexture__Unk_005951d9	void __stdcall CDXTexture__Unk_005951d9(int param_1, void * param_2)
0x00596386	CDXTexture__Unk_00596386	void __fastcall CDXTexture__Unk_00596386(uint param_1)
0x005963d2	CDXTexture__Unk_005963d2	int __fastcall CDXTexture__Unk_005963d2(void * param_1)
0x00598702	CDXTexture__Unk_00598702	void __thiscall CDXTexture__Unk_00598702(void * this, void * param_1, int param_2)
0x0059871c	CDXTexture__Unk_0059871c	void __fastcall CDXTexture__Unk_0059871c(void * param_1)
0x0059877e	CDXTexture__Unk_0059877e	void CDXTexture__Unk_0059877e(void)
0x0059877f	CDXTexture__Unk_0059877f	uint __stdcall CDXTexture__Unk_0059877f(void * param_1, int param_2)
0x00598e5d	CDXTexture__Unk_00598e5d	int __thiscall CDXTexture__Unk_00598e5d(void * this, void * param_1, int param_2)
0x00598f22	CDXTexture__Unk_00598f22	void * __thiscall CDXTexture__Unk_00598f22(void * this, void * param_1, int param_2)
0x00598f3e	CDXTexture__Unk_00598f3e	int __thiscall CDXTexture__Unk_00598f3e(void * this, void * param_1, int param_2)
0x0059993c	CDXTexture__Unk_0059993c	int __fastcall CDXTexture__Unk_0059993c(void * param_1)
0x00599bd7	CDXTexture__Unk_00599bd7	int __thiscall CDXTexture__Unk_00599bd7(void * this, int param_1, int param_2)
0x00599c49	CDXTexture__Unk_00599c49	int __thiscall CDXTexture__Unk_00599c49(void * this, int param_1, int param_2)
0x00599cd2	CDXTexture__Unk_00599cd2	bool __stdcall CDXTexture__Unk_00599cd2(int param_1, int param_2)
0x0059b510	CDXTexture__Unk_0059b510	void CDXTexture__Unk_0059b510(void)
0x0059ba20	CDXTexture__Unk_0059ba20	void __stdcall CDXTexture__Unk_0059ba20(void * param_1)
0x0059ba90	CDXTexture__Unk_0059ba90	void __stdcall CDXTexture__Unk_0059ba90(int param_1)
0x0059bae0	CDXTexture__Unk_0059bae0	int __stdcall CDXTexture__Unk_0059bae0(void * param_1, int param_2, uint param_3)
0x0059bc10	CDXTexture__Unk_0059bc10	int __stdcall CDXTexture__Unk_0059bc10(void * param_1, int param_2, uint param_3)
0x0059bcc0	CDXTexture__Unk_0059bcc0	int __stdcall CDXTexture__Unk_0059bcc0(void * param_1, int param_2, uint param_3, uint param_4)
0x0059bd60	CDXTexture__Unk_0059bd60	int __stdcall CDXTexture__Unk_0059bd60(void * param_1, int param_2, int param_3, uint param_4)
0x0059be00	CDXTexture__Unk_0059be00	int CDXTexture__Unk_0059be00(void)
0x0059c3f0	CDXTexture__Unk_0059c3f0	void __stdcall CDXTexture__Unk_0059c3f0(void * param_1, int param_2)
0x0059c510	CDXTexture__Unk_0059c510	void __stdcall CDXTexture__Unk_0059c510(void * param_1)
0x0059c5d0	CDXTexture__Unk_0059c5d0	void __stdcall CDXTexture__Unk_0059c5d0(int param_1)
0x0059c730	CDXTexture__Unk_0059c730	void __stdcall CDXTexture__Unk_0059c730(void * param_1, uint param_2)
0x0059c750	CDXTexture__Unk_0059c750	int __stdcall CDXTexture__Unk_0059c750(int param_1)
0x0059c78f	CDXTexture__Unk_0059c78f	int __stdcall CDXTexture__Unk_0059c78f(int param_1)
0x0059cc7c	CDXTexture__Unk_0059cc7c	void * __stdcall CDXTexture__Unk_0059cc7c(void * param_1, int param_2)
0x0059ccf3	CDXTexture__Unk_0059ccf3	int __stdcall CDXTexture__Unk_0059ccf3(int param_1, void * param_2, int param_3, uint param_4)
0x0059cd26	CDXTexture__Unk_0059cd26	int __stdcall CDXTexture__Unk_0059cd26(void * param_1)
0x0059cd4b	CDXTexture__Unk_0059cd4b	void __stdcall CDXTexture__Unk_0059cd4b(void * param_1, int param_2, int param_3)
0x0059d9d8	CDXTexture__Unk_0059d9d8	void __stdcall CDXTexture__Unk_0059d9d8(void * param_1, int param_2, uint param_3)
0x0059e110	CDXTexture__Unk_0059e110	char __stdcall CDXTexture__Unk_0059e110(int param_1)
0x0059e310	CDXTexture__Unk_0059e310	void __thiscall CDXTexture__Unk_0059e310(void * this, void * param_1, int param_2)
0x0059e4a0	CDXTexture__Unk_0059e4a0	void CDXTexture__Unk_0059e4a0(void)
0x0059e580	CDXTexture__Unk_0059e580	void __fastcall CDXTexture__Unk_0059e580(void * param_1)
0x0059e770	CDXTexture__Unk_0059e770	void CDXTexture__Unk_0059e770(void)
0x005a16b1	CDXTexture__Unk_005a16b1	void __stdcall CDXTexture__Unk_005a16b1(void * param_1, void * param_2, void * param_3)
0x005a1786	CDXTexture__Unk_005a1786	void __stdcall CDXTexture__Unk_005a1786(void * param_1, void * param_2, void * param_3)
0x005ab0ed	CDXTexture__Unk_005ab0ed	int __stdcall CDXTexture__Unk_005ab0ed(int param_1)
0x005aba90	CDXTexture__Unk_005aba90	void __fastcall CDXTexture__Unk_005aba90(int param_1)
0x005ac180	CDXTexture__Unk_005ac180	int CDXTexture__Unk_005ac180(void)
0x005aefa0	CDXTexture__Unk_005aefa0	void __fastcall CDXTexture__Unk_005aefa0(int param_1, int param_2, int param_3, void * param_4)
0x005b10b0	CDXTexture__Unk_005b10b0	void CDXTexture__Unk_005b10b0(void)
0x005b1630	CDXTexture__Unk_005b1630	void __fastcall CDXTexture__Unk_005b1630(int param_1, int param_2, void * param_3)
0x005b1c00	CDXTexture__Unk_005b1c00	void __stdcall CDXTexture__Unk_005b1c00(int param_1, int param_2)
0x005b1c50	CDXTexture__Unk_005b1c50	int __stdcall CDXTexture__Unk_005b1c50(int param_1, int param_2, int param_3, int param_4)
0x005b1d50	CDXTexture__Unk_005b1d50	void __stdcall CDXTexture__Unk_005b1d50(void * param_1, void * param_2)
0x005b1da0	CDXTexture__Unk_005b1da0	int CDXTexture__Unk_005b1da0(void)
0x005b25e0	CDXTexture__Unk_005b25e0	int __stdcall CDXTexture__Unk_005b25e0(void * param_1, int param_2)
0x005b3170	CDXTexture__Unk_005b3170	void __stdcall CDXTexture__Unk_005b3170(void * param_1, int param_2, int param_3, void * param_4)
0x005b3fd0	CDXTexture__Unk_005b3fd0	void CDXTexture__Unk_005b3fd0(void)
0x005b4080	CDXTexture__Unk_005b4080	void __stdcall CDXTexture__Unk_005b4080(int param_1)
0x005b44c0	CDXTexture__Unk_005b44c0	int __stdcall CDXTexture__Unk_005b44c0(int param_1, int param_2)
0x005b6500	CDXTexture__Unk_005b6500	void __fastcall CDXTexture__Unk_005b6500(void * param_1, int param_2, int param_3)
0x005b65a0	CDXTexture__Unk_005b65a0	void __fastcall CDXTexture__Unk_005b65a0(int param_1, int param_2, int param_3, int param_4)
0x005b6650	CDXTexture__Unk_005b6650	void __fastcall CDXTexture__Unk_005b6650(void * param_1, int param_2, int param_3)
0x005b6720	CDXTexture__Unk_005b6720	void __fastcall CDXTexture__Unk_005b6720(int param_1, int param_2, int param_3, int param_4)
0x005b6c30	CDXTexture__Unk_005b6c30	void __stdcall CDXTexture__Unk_005b6c30(void * param_1, int param_2, void * param_3, int param_4)
0x005b6c90	CDXTexture__Unk_005b6c90	void __stdcall CDXTexture__Unk_005b6c90(void * param_1, int param_2, void * param_3, int param_4)
0x005b71b0	CDXTexture__Unk_005b71b0	void __stdcall CDXTexture__Unk_005b71b0(int param_1, void * param_2, void * param_3, int param_4, int param_5)
0x005b7480	CDXTexture__Unk_005b7480	void __stdcall CDXTexture__Unk_005b7480(int param_1, void * param_2, void * param_3, int param_4, int param_5)
0x005b7920	CDXTexture__Unk_005b7920	void CDXTexture__Unk_005b7920(void)
0x005b7c50	CDXTexture__Unk_005b7c50	void CDXTexture__Unk_005b7c50(void)
0x005b7d30	CDXTexture__Unk_005b7d30	uint CDXTexture__Unk_005b7d30(void)
0x005b7ee0	CDXTexture__Unk_005b7ee0	void __stdcall CDXTexture__Unk_005b7ee0(void * param_1)
0x005b8060	CDXTexture__Unk_005b8060	void __stdcall CDXTexture__Unk_005b8060(int param_1)
0x005b8da0	CDXTexture__Unk_005b8da0	uint CDXTexture__Unk_005b8da0(void)
0x005bb9b0	CDXTexture__Unk_005bb9b0	void __stdcall CDXTexture__Unk_005bb9b0(void * param_1, void * param_2, void * param_3, int param_4, int param_5, int param_6)
0x005bbe70	CDXTexture__Unk_005bbe70	int CDXTexture__Unk_005bbe70(void)
0x005bce60	CDXTexture__Unk_005bce60	int CDXTexture__Unk_005bce60(void)
0x005bd52a	CDXTexture__Unk_005bd52a	void __stdcall CDXTexture__Unk_005bd52a(int param_1, int param_2)
0x005bd53b	CDXTexture__Unk_005bd53b	int CDXTexture__Unk_005bd53b(void)
0x005be360	CDXTexture__Unk_005be360	int __stdcall CDXTexture__Unk_005be360(int param_1, int param_2, int param_3, int param_4, int param_5, void * param_6)
0x005d070f	CDXTexture__Unk_005d070f	int __cdecl CDXTexture__Unk_005d070f(void * param_1, int param_2, void * param_3, void * param_4)
0x005d075f	CDXTexture__Unk_005d075f	int __cdecl CDXTexture__Unk_005d075f(void * param_1, int param_2, void * param_3)
0x005d07f4	CDXTexture__Unk_005d07f4	int __cdecl CDXTexture__Unk_005d07f4(uint param_1, int param_2, int param_3)
0x005d09e4	CDXTexture__Unk_005d09e4	int __cdecl CDXTexture__Unk_005d09e4(void * param_1)
0x005d0a9f	CDXTexture__Unk_005d0a9f	void CDXTexture__Unk_005d0a9f(void)
