address	name
0x004015e0	CUnit__Unk_004015e0
0x00402010	CUnit__Unk_00402010
0x00402fa0	CUnit__Unk_00402fa0
0x00403690	CUnit__Unk_00403690
0x00403a50	CFrontEndPage__Unk_00403a50
0x00403ba0	CThing__Unk_00403ba0
0x00403bf0	CThing__Unk_00403bf0
0x00404210	CAtmospheric__Unk_00404210
0x00404790	CAtmospheric__Unk_00404790
0x00404860	CAtmospheric__Unk_00404860
0x004048c0	CAtmospheric__Unk_004048c0
0x004063a0	CBattleEngine__Unk_004063a0
0x00406460	CBattleEngine__Unk_00406460
0x00406560	CBattleEngine__Unk_00406560
0x00406da0	CBattleEngine__Unk_00406da0
0x00407310	CEngine__Unk_00407310
0x00407940	CGeneralVolume__Unk_00407940
0x00407a50	CMonitor__Unk_00407a50
0x00408120	CUnitAI__Unk_00408120
0x00408150	CUnit__Unk_00408150
0x004081c0	CMonitor__Unk_004081c0
0x00409880	CMonitor__Unk_00409880
0x00409e60	CGeneralVolume__Unk_00409e60
0x00409e80	CGeneralVolume__Unk_00409e80
0x00409e90	CGeneralVolume__Unk_00409e90
0x00409ec0	CGeneralVolume__Unk_00409ec0
0x00409ef0	CGeneralVolume__Unk_00409ef0
0x00409f20	CGeneralVolume__Unk_00409f20
0x0040ac50	CGeneralVolume__Unk_0040ac50
0x0040b660	CGeneralVolume__Unk_0040b660
0x0040c570	CGeneralVolume__Unk_0040c570
0x0040c720	CGeneralVolume__Unk_0040c720
0x0040d4d0	CGeneralVolume__Unk_0040d4d0
0x0040d5f0	CGeneralVolume__Unk_0040d5f0
0x0040dcb0	CCockpit__Unk_0040dcb0
0x0040de40	CMonitor__Unk_0040de40
0x0040dfb0	CGeneralVolume__Unk_0040dfb0
0x0040e840	CMonitor__Unk_0040e840
0x0040e860	CGeneralVolume__Unk_0040e860
0x0040e8e0	CUnit__Unk_0040e8e0
0x0040e910	CUnit__Unk_0040e910
0x0040e940	CMonitor__Unk_0040e940
0x0040eb50	CMonitor__Unk_0040eb50
0x0040ebf0	CMonitor__Unk_0040ebf0
0x0040eeb0	CUnit__Unk_0040eeb0
0x0040f2f0	CCockpit__Unk_0040f2f0
0x004102a0	CBattleEngine__Unk_004102a0
0x00410310	CGeneralVolume__Unk_00410310
0x00410490	CGeneralVolume__Unk_00410490
0x00410740	CGeneralVolume__Unk_00410740
0x004109d0	CGeneralVolume__Unk_004109d0
0x004114d0	CGeneralVolume__Unk_004114d0
0x00411630	CMonitor__Unk_00411630
0x00411aa0	CMonitor__Unk_00411aa0
0x00411b70	CGeneralVolume__Unk_00411b70
0x00411e70	CCockpit__Unk_00411e70
0x00412000	CMonitor__Unk_00412000
0x004121b0	CGeneralVolume__Unk_004121b0
0x004122b0	CGeneralVolume__Unk_004122b0
0x00412310	CGeneralVolume__Unk_00412310
0x00412370	CGeneralVolume__Unk_00412370
0x00412480	CGeneralVolume__Unk_00412480
0x004124d0	CGeneralVolume__Unk_004124d0
0x00412570	CBattleEngine__Unk_00412570
0x00412610	CBattleEngine__Unk_00412610
0x004127a0	CGeneralVolume__Unk_004127a0
0x00412900	CMonitor__Unk_00412900
0x00412cf0	CCockpit__Unk_00412cf0
0x00412d80	CGeneralVolume__Unk_00412d80
0x00412f70	CGeneralVolume__Unk_00412f70
0x00413160	CGeneralVolume__Unk_00413160
0x00413360	CGeneralVolume__Unk_00413360
0x004135d0	CGeneralVolume__Unk_004135d0
0x004135e0	CGeneralVolume__Unk_004135e0
0x004136e0	CMonitor__Unk_004136e0
0x00413760	CMonitor__Unk_00413760
0x00413a70	CMonitor__Unk_00413a70
0x00413cc0	CGeneralVolume__Unk_00413cc0
0x00413cf0	CGeneralVolume__Unk_00413cf0
0x00413eb0	CGeneralVolume__Unk_00413eb0
0x00414010	CMonitor__Unk_00414010
0x00414030	CGeneralVolume__Unk_00414030
0x00414410	CGeneralVolume__Unk_00414410
0x00414470	CGeneralVolume__Unk_00414470
0x004144c0	CGeneralVolume__Unk_004144c0
0x004144f0	CCockpit__Unk_004144f0
0x00414520	CGeneralVolume__Unk_00414520
0x004145a0	CGeneralVolume__Unk_004145a0
0x004145d0	CGeneralVolume__Unk_004145d0
0x004145f0	CGeneralVolume__Unk_004145f0
0x00414630	CBattleEngine__Unk_00414630
0x00414970	CGeneralVolume__Unk_00414970
0x00414a40	CGeneralVolume__Unk_00414a40
0x00414cb0	CExplosionInitThing__Unk_00414cb0
0x00415140	CUnitAI__Unk_00415140
0x00415780	CUnitAI__Unk_00415780
0x004157c0	CUnitAI__Unk_004157c0
0x00415970	CUnitAI__Unk_00415970
0x00415a50	CUnitAI__Unk_00415a50
0x00417540	CThing__Unk_00417540
0x004176c0	CThing__Unk_004176c0
0x004178a0	CUnit__Unk_004178a0
0x00418120	CCockpit__Unk_00418120
0x00421c40	CUnit__Unk_00421c40
0x00423840	CUnitAI__Unk_00423840
0x004238c0	CUnitAI__Unk_004238c0
0x00423900	CUnitAI__Unk_00423900
0x00423990	CUnitAI__Unk_00423990
0x004239f0	CUnitAI__Unk_004239f0
0x00424a20	CUnitAI__Unk_00424a20
0x00424be0	CUnitAI__Unk_00424be0
0x00424ca0	CUnitAI__Unk_00424ca0
0x004250f0	CUnitAI__Unk_004250f0
0x00425760	CUnitAI__Unk_00425760
0x00428110	CUnitAI__Unk_00428110
0x00428500	CUnitAI__Unk_00428500
0x00428800	CUnitAI__Unk_00428800
0x004289b0	CUnitAI__Unk_004289b0
0x00428bc0	CFrontEndPage__Unk_00428bc0
0x00428c70	CUnitAI__Unk_00428c70
0x00428cf0	CUnitAI__Unk_00428cf0
0x0042ee90	CUnitAI__Unk_0042ee90
0x0042efd0	CUnitAI__Unk_0042efd0
0x0042f280	CUnitAI__Unk_0042f280
0x00430b30	CUnitAI__Unk_00430b30
0x00430fa0	CUnitAI__Unk_00430fa0
0x00431470	CUnitAI__Unk_00431470
0x004318c0	CUnitAI__Unk_004318c0
0x00438050	CUnitAI__Unk_00438050
0x00440b70	CUnitAI__Unk_00440b70
0x00440c00	CDamage__Unk_00440c00
0x00440c40	CDamage__Unk_00440c40
0x00440eb0	CDamage__Unk_00440eb0
0x00440f80	CDamage__Unk_00440f80
0x004429a0	CDestructableSegment__Unk_004429a0
0x00442a80	CDestructableSegment__Unk_00442a80
0x00442ac0	CDestructableSegment__Unk_00442ac0
0x004433f0	CDestroyableSegment__Unk_004433f0
0x00443fc0	CDestroyableSegment__Unk_00443fc0
0x00444000	CDestroyableSegment__Unk_00444000
0x00444030	CDestroyableSegment__Unk_00444030
0x00444160	CDestroyableSegment__Unk_00444160
0x004442d0	CDestroyableSegment__Unk_004442d0
0x00444300	CDestroyableSegment__Unk_00444300
0x00444330	CDestroyableSegment__Unk_00444330
0x00444370	CDestroyableSegment__Unk_00444370
0x004443b0	CDestroyableSegment__Unk_004443b0
0x004443f0	CDestroyableSegment__Unk_004443f0
0x00444450	CDestroyableSegment__Unk_00444450
0x004444b0	CDestroyableSegment__Unk_004444b0
0x00444520	CDestroyableSegment__Unk_00444520
0x00444580	CDestroyableSegment__Unk_00444580
0x004445b0	CDestroyableSegment__Unk_004445b0
0x00444620	CExplosionInitThing__Unk_00444620
0x00444f00	CUnitAI__Unk_00444f00
0x00444f20	CUnitAI__Unk_00444f20
0x00445570	CUnitAI__Unk_00445570
0x004455c0	CUnitAI__Unk_004455c0
0x00445610	CUnitAI__Unk_00445610
0x00445ad0	CUnitAI__Unk_00445ad0
0x00445f40	CUnitAI__Unk_00445f40
0x00446150	CUnitAI__Unk_00446150
0x00446400	CUnitAI__Unk_00446400
0x00447a40	CUnitAI__Unk_00447a40
0x00447ac0	CUnitAI__Unk_00447ac0
0x00447b10	CUnitAI__Unk_00447b10
0x00447b60	CUnitAI__Unk_00447b60
0x00447bb0	CUnitAI__Unk_00447bb0
0x00447fa0	CUnitAI__Unk_00447fa0
0x004480c0	CUnitAI__Unk_004480c0
0x00448110	CUnitAI__Unk_00448110
0x00448120	CUnitAI__Unk_00448120
0x004496e0	CUnitAI__Unk_004496e0
0x0044a690	CUnitAI__Unk_0044a690
0x0044a6b0	CUnitAI__Unk_0044a6b0
0x0044adb0	CExplosionInitThing__Unk_0044adb0
0x0044cd20	CUnitAI__Unk_0044cd20
0x0044d1f0	CUnitAI__Unk_0044d1f0
0x0044d210	CUnitAI__Unk_0044d210
0x0044dea0	CUnitAI__Unk_0044dea0
0x0044e2c0	CMonitor__Unk_0044e2c0
0x00451a40	CUnitAI__Unk_00451a40
0x00452ce0	CUnitAI__Unk_00452ce0
0x0045ac30	CFrontEnd__Unk_0045ac30
0x004661e0	CFrontEnd__Unk_004661e0
0x004661f0	CFrontEnd__Unk_004661f0
0x004691c0	CUnitAI__Unk_004691c0
0x00469390	CUnitAI__Unk_00469390
0x00469400	CMonitor__Unk_00469400
0x00469550	CUnitAI__Unk_00469550
0x00469c20	CUnitAI__Unk_00469c20
0x00469cf0	CUnitAI__Unk_00469cf0
0x0046a1f0	CUnitAI__Unk_0046a1f0
0x0046a210	CUnitAI__Unk_0046a210
0x0046a220	CUnitAI__Unk_0046a220
0x00472ad0	CUnitAI__Unk_00472ad0
0x00478160	CUnitAI__Unk_00478160
0x00478c20	CUnitAI__Unk_00478c20
0x00479d10	CUnitAI__Unk_00479d10
0x00479db0	CExplosionInitThing__Unk_00479db0
0x00479f30	CUnitAI__Unk_00479f30
0x0047a0b0	CUnitAI__Unk_0047a0b0
0x0047a160	CExplosionInitThing__Unk_0047a160
0x0047a8b0	CGillMHead__Unk_0047a8b0
0x0047a900	CGillMHead__Unk_0047a900
0x0047bf60	CUnitAI__Unk_0047bf60
0x0047c040	CUnitAI__Unk_0047c040
0x0047cea0	CUnitAI__Unk_0047cea0
0x0047d3b0	CMonitor__Unk_0047d3b0
0x0047d420	CUnitAI__Unk_0047d420
0x0047d670	CUnitAI__Unk_0047d670
0x0047e870	CUnitAI__Unk_0047e870
0x0047e8a0	CUnitAI__Unk_0047e8a0
0x0047fb00	CUnitAI__Unk_0047fb00
0x004804c0	CExplosionInitThing__Unk_004804c0
0x00480c90	CUnitAI__Unk_00480c90
0x00480db0	CUnitAI__Unk_00480db0
0x00481060	CUnitAI__Unk_00481060
0x004879e0	CExplosionInitThing__Unk_004879e0
0x00488330	CIBuffer__Unk_00488330
0x00488aa0	CIBuffer__Unk_00488aa0
0x00489040	CUnitAI__Unk_00489040
0x00489de0	CUnitAI__Unk_00489de0
0x00489ef0	CUnitAI__Unk_00489ef0
0x0048a4e0	CIBuffer__Unk_0048a4e0
0x0048ace0	CIBuffer__Unk_0048ace0
0x0048f210	CUnitAI__Unk_0048f210
0x0048ff90	CExplosionInitThing__Unk_0048ff90
0x004901e0	CUnitAI__Unk_004901e0
0x00490900	CUnitAI__Unk_00490900
0x00490e10	CUnitAI__Unk_00490e10
0x00490e20	CUnitAI__Unk_0047e8a0
0x00490f40	CUnitAI__Unk_00490f40
0x00495030	CMCBuggy__Unk_00495030
0x00495090	CMCBuggy__Unk_00495090
0x004956a0	CMCBuggy__Unk_004956a0
0x00495e00	CMCBuggy__Unk_00495e00
0x0049bbb0	CUnitAI__Unk_0049bbb0
0x0049bc10	CUnitAI__Unk_0049bc10
0x0049bc40	CUnitAI__Unk_0049bc40
0x0049bc80	CUnitAI__Unk_0049bc80
0x004a1270	CMonitor__Unk_004a1270
0x004a17b0	CMemoryManager__Unk_004a17b0
0x004a1c30	CMemoryManager__Unk_004a1c30
0x004a2a20	CMemoryManager__Unk_004a2a20
0x004a52b0	CMesh__Unk_004a52b0
0x004a5430	CMesh__Unk_004a5430
0x004aa410	CMesh__Unk_004aa410
0x004aa5a0	CMesh__Unk_004aa5a0
0x004aa5e0	CMesh__Unk_004aa5e0
0x004aa7e0	CMesh__Unk_004aa7e0
0x004aa900	CMesh__Unk_004aa900
0x004ab330	CMesh__Unk_004ab330
0x004ac000	CMeshCollisionVolume__Unk_004ac000
0x004ac140	CMeshCollisionVolume__Unk_004ac140
0x004ac4a0	CMeshCollisionVolume__Unk_004ac4a0
0x004acf30	CMeshCollisionVolume__Unk_004acf30
0x004ad7f0	CInfluenceMap__Unk_004ad7f0
0x004ae110	CMeshPart__Unk_004ae110
0x004ae1a0	CMeshPart__Unk_004ae1a0
0x004ae220	CMeshPart__Unk_004ae220
0x004ae430	CMeshPart__Unk_004ae430
0x004ae640	CMeshPart__Unk_004ae640
0x004aea50	CMeshPart__Unk_004aea50
0x004aede0	CMeshPart__Unk_004aede0
0x004af110	CMeshPart__Unk_004af110
0x004b0800	CMeshPart__Unk_004b0800
0x004b0c00	CMeshPart__Unk_004b0c00
0x004b0c20	CMeshPart__Unk_004b0c20
0x004b0c40	CMeshPart__Unk_004b0c40
0x004b0d00	CMeshPart__Unk_004b0d00
0x004b1d30	CMeshPart__Unk_004b1d30
0x004b1eb0	CMeshPart__Unk_004b1eb0
0x004b24d0	CMeshPart__Unk_004b24d0
0x004b4ba0	CEngine__Unk_004b4ba0
0x004b4cd0	CEngine__Unk_004b4cd0
0x004b4de0	CEngine__Unk_004b4de0
0x004b5330	OID__Unk_004b5330
0x004b5ad0	OID__Unk_004b5ad0
0x004b7300	CUnitAI__Unk_004b7300
0x004b7b60	CFrontEndPage__Unk_004b7b60
0x004b7b70	CUnitAI__Unk_004b7b70
0x004b7b80	CUnitAI__Unk_004b7b80
0x004b7ea0	CUnitAI__Unk_004b7ea0
0x004b8020	CUnitAI__Unk_004b8020
0x004b8800	CUnitAI__Unk_004b8800
0x004b8e70	CMessageLog__Unk_004b8e70
0x004b8ef0	CMessageLog__Unk_004b8ef0
0x004b9010	CMessageLog__Unk_004b9010
0x004b93f0	CMessageLog__Unk_004b93f0
0x004b9a80	CMessageLog__Unk_004b9a80
0x004b9ea0	CMessageLog__Unk_004b9ea0
0x004bc2e0	CExplosionInitThing__Unk_004bc2e0
0x004bc510	CExplosionInitThing__Unk_004bc510
0x004bd9e0	CEngine__Unk_004bd9e0
0x004be1d0	CExplosionInitThing__Unk_004be1d0
0x004bed30	CExplosionInitThing__Unk_004bed30
0x004beea0	CExplosionInitThing__Unk_004beea0
0x004bfab0	OID__Unk_004bfab0
0x004c0150	CUnitAI__Unk_004c0150
0x004c0560	CEngine__Unk_004c0560
0x004c0940	CPDSimpleSprite__Unk_004c0940
0x004c0c70	CPDSimpleSprite__Unk_004c0c70
0x004c10c0	CPDSimpleSprite__Unk_004c10c0
0x004c35d0	CEngine__Unk_004c35d0
0x004c5280	CPDSimpleSprite__Unk_004c5280
0x004c7d90	CUnitAI__Unk_004c7d90
0x004c8060	CEngine__Unk_004c8060
0x004cab30	CUnitAI__Unk_004cab30
0x004cac40	CUnitAI__Unk_004cac40
0x004caf30	CParticleManager__Unk_004caf30
0x004cb080	CParticleManager__Unk_004cb080
0x004cb920	CParticleManager__Unk_004cb920
0x004cba30	CParticleManager__Unk_004cba30
0x004cba90	CParticleManager__Unk_004cba90
0x004cbc60	CParticleManager__Unk_004cbc60
0x004cbff0	CUnitAI__Unk_004cbff0
0x004cdbe0	CEngine__Unk_004cdbe0
0x004cddf0	CEngine__Unk_004cddf0
0x004d04d0	CPauseMenu__Unk_004d04d0
0x004d0510	CPauseMenu__Unk_004d0510
0x004d06e0	CPauseMenu__Unk_004d06e0
0x004d0810	CPauseMenu__Unk_004d0810
0x004d0db0	CPauseMenu__Unk_004d0db0
0x004d0de0	CPauseMenu__Unk_004d0de0
0x004d0ff0	CPauseMenu__Unk_004d0ff0
0x004d10b0	CGillMHead__Unk_004d10b0
0x004d11d0	CEngine__Unk_004d11d0
0x004d1f10	CUnitAI__Unk_004d1f10
0x004d1f90	CExplosionInitThing__Unk_004d1f90
0x004d1fd0	CUnitAI__Unk_004d1fd0
0x004d2010	CEngine__Unk_004d2010
0x004d20a0	CFEPMultiplayerStart__Unk_004d20a0
0x004d28a0	CPlayer__Unk_004d28a0
0x004d2a50	CPlayer__Unk_004d2a50
0x004d2a70	CPlayer__Unk_004d2a70
0x004d2ae0	CPlayer__Unk_004d2ae0
0x004d2b40	CPlayer__Unk_004d2b40
0x004d2bb0	CPlayer__Unk_004d2bb0
0x004d3020	CEngine__Unk_004d3020
0x004d30d0	CInfluenceMap__Unk_004d30d0
0x004d3630	CEngine__Unk_004d3630
0x004d36c0	CUnit__Unk_004d36c0
0x004d3730	CUnit__Unk_004d3730
0x004d38c0	CInfluenceMap__Unk_004d38c0
0x004d39d0	CInfluenceMap__Unk_004d39d0
0x004d3a00	CInfluenceMap__Unk_004d3a00
0x004d9d60	CEngine__Unk_004d9d60
0x004d9ef0	CEngine__Unk_004d9ef0
0x004daa20	CEngine__Unk_004daa20
0x004daab0	CEngine__Unk_004daab0
0x004db090	CEngine__Unk_004db090
0x004db150	CEngine__Unk_004db150
0x004db630	CEngine__Unk_004db630
0x004dfce0	CUnit__Unk_004dfce0
0x004e0b30	CSoundManager__Unk_004e0b30
0x004e0f70	CSoundManager__Unk_004e0f70
0x004e1040	CSoundManager__Unk_004e1040
0x004e1130	CSoundManager__Unk_004e1130
0x004e1190	CSoundManager__Unk_004e1190
0x004e12b0	CSoundManager__Unk_004e12b0
0x004e1300	CSoundManager__Unk_004e1300
0x004e1330	CSoundManager__Unk_004e1330
0x004e1360	CSoundManager__Unk_004e1360
0x004e18d0	CSoundManager__Unk_004e18d0
0x004e2360	CSoundManager__Unk_004e2360
0x004e2bb0	CUnit__Unk_004e2bb0
0x004e2c50	CUnit__Unk_004e2c50
0x004e2e60	CUnit__Unk_004e2e60
0x004e5c90	CUnit__Unk_004e5c90
0x004e6660	CUnit__Unk_004e6660
0x004e66d0	CWaypoint__Unk_004e66d0
0x004e66e0	CUnit__Unk_004e66e0
0x004e6ff0	CSquadNormal__Unk_004e6ff0
0x004e7110	CSquadNormal__Unk_004e7110
0x004e7cf0	CSquadNormal__Unk_004e7cf0
0x004e7f40	CSquadNormal__Unk_004e7f40
0x004e8100	CSquadNormal__Unk_004e8100
0x004e81d0	CSquadNormal__Unk_004e81d0
0x004e83b0	CSquadNormal__Unk_004e83b0
0x004e84e0	CSquadNormal__Unk_004e84e0
0x004e8730	CSquadNormal__Unk_004e8730
0x004e8930	CSquadNormal__Unk_004e8930
0x004e8dd0	CSquadNormal__Unk_004e8dd0
0x004e8f80	CSquadNormal__Unk_004e8f80
0x004e9570	CUnit__Unk_004e9570
0x004eb9a0	CUnit__Unk_004eb9a0
0x004ebd10	CStaticShadows__Unk_004ebd10
0x004ebe40	CStaticShadows__Unk_004ebe40
0x004ec250	CStaticShadows__Unk_004ec250
0x004ef000	CUnit__Unk_004ef000
0x004ef050	CUnit__Unk_004ef050
0x004ef0f0	CUnit__Unk_004ef0f0
0x004ef100	CUnit__Unk_004ef100
0x004ef120	CMonitor__Unk_004ef120
0x004f1220	CUnit__Unk_004f1220
0x004f29c0	CUnit__Unk_004f29c0
0x004f3110	CUnit__Unk_004f3110
0x004f35d0	CThing__Unk_004f35d0
0x004f36d0	CThing__Unk_004f36d0
0x004f3710	CThing__Unk_004f3710
0x004f37c0	CThing__Unk_004f37c0
0x004f3970	CThing__Unk_004f3970
0x004f3a70	CThing__Unk_004f3a70
0x004f3de0	CThing__Unk_004f3de0
0x004f4430	CThing__Unk_004f4430
0x004f4480	CThing__Unk_004f4480
0x004f45a0	CUnit__Unk_004f45a0
0x004f6fd0	CUnit__Unk_004f6fd0
0x004f7cd0	CWaypoint__Unk_004f7cd0
0x004f9430	CUnit__Unk_004f9430
0x004fa4b0	CUnit__Unk_004fa4b0
0x004fa800	CUnit__Unk_004fa800
0x004fa8d0	CUnit__Unk_004fa8d0
0x004fb280	CUnit__Unk_004fb280
0x004fb500	CUnit__Unk_004fb500
0x004fb5a0	CUnit__Unk_004fb5a0
0x004fb670	CUnit__Unk_004fb670
0x004fbcb0	CUnit__Unk_004fbcb0
0x004fc000	CUnit__Unk_004fc000
0x004fc220	CUnit__Unk_004fc220
0x004fc6e0	CUnit__Unk_004fc6e0
0x004fcdc0	CUnit__Unk_004fcdc0
0x004fce80	CUnit__Unk_004fce80
0x004fcf00	CUnit__Unk_004fcf00
0x004fcfa0	CUnit__Unk_004fcfa0
0x004fcfe0	CUnit__Unk_004fcfe0
0x004fd040	CUnit__Unk_004fd040
0x004fd140	CUnit__Unk_004fd140
0x004fd380	CUnit__Unk_004fd380
0x004fd5b0	CUnit__Unk_004fd5b0
0x004fd7a0	CUnit__Unk_004fd7a0
0x004fd830	CUnit__Unk_004fd830
0x004fd910	CUnit__Unk_004fd910
0x004fda20	CUnit__Unk_004fda20
0x004fdad0	CUnit__Unk_004fdad0
0x004fdc20	CUnit__Unk_004fdc20
0x004fdcb0	CUnit__Unk_004fdcb0
0x004fde30	CUnit__Unk_004fde30
0x004fe390	CEngine__Unk_004fe390
0x004fe3f0	CEngine__Unk_004fe3f0
0x004fe480	CEngine__Unk_004fe480
0x004ffe00	CWaypoint__Unk_004ffe00
0x00501360	CWaypoint__Unk_00501360
0x005015c0	CEngine__Unk_005015c0
0x005016b0	CEngine__Unk_005016b0
0x005019d0	CVertexShader__Unk_005019d0
0x00501ba0	CVertexShader__Unk_00501ba0
0x00502290	CVertexShader__Unk_00502290
0x005027f0	CVertexShader__Unk_005027f0
0x00502920	CVertexShader__Unk_00502920
0x00503ac0	CVertexShader__Unk_00503ac0
0x00503dd0	CVertexShader__Unk_00503dd0
0x00504a50	CVBufTexture__Unk_00504a50
0x00504b40	CVBufTexture__Unk_00504b40
0x00504cf0	CVBufTexture__Unk_00504cf0
0x00504d30	CVBufTexture__Unk_00504d30
0x00505ab0	CWaypointManager__Unk_00505ab0
0x005068f0	CEngine__Unk_005068f0
0x005069f0	CEngine__Unk_005069f0
0x005078b0	CEngine__Unk_005078b0
0x005078f0	CMonitor__Unk_005078f0
0x00507ab0	OID__Unk_00507ab0
0x005088b0	OID__Unk_005088b0
0x00509140	OID__Unk_00509140
0x005094b0	CEngine__Unk_005094b0
0x00509e90	CEngine__Unk_00509e90
0x0050a080	CEngine__Unk_0050a080
0x0050a870	CVBufTexture__Unk_0050a870
0x0050a9c0	CVBufTexture__Unk_0050a9c0
0x0050ab60	CVBufTexture__Unk_0050ab60
0x0050abb0	CWorld__Unk_0050ada0
0x0050abc0	CWorld__Unk_0050abc0
0x0050ada0	CWorld__Unk_0050ada0
0x0050af70	CWorld__Unk_0050af70
0x0050b010	CWorld__Unk_0050b010
0x0050b020	CWorld__Unk_0050b020
0x0050d680	CWorld__Unk_0050d680
0x0050d6a0	CWorld__Unk_0050d6a0
0x0050d720	CWorld__Unk_0050d720
0x0050d7a0	CWorld__Unk_0050d7a0
0x0050d7d0	CWorld__Unk_0050d7d0
0x0050d7f0	CWorld__Unk_0050d7f0
0x0050ef30	CWorldPhysicsManager__Unk_0050ef30
0x0050f030	CWorldPhysicsManager__Unk_0050f030
0x0050f130	CAirUnit__Unk_0050f130
0x0050f1a0	CAirUnit__Unk_0050f1a0
0x0050f1f0	CAirUnit__Unk_0050f1f0
0x0050f260	CAirUnit__Unk_0050f260
0x0050f2d0	CAirUnit__Unk_0050f2d0
0x0050f340	CAirUnit__Unk_0050f340
0x0050f3b0	CAirUnit__Unk_0050f3b0
0x0050f440	CWorldPhysicsManager__Unk_0050f440
0x0050f630	CWorldPhysicsManager__Unk_0050f630
0x0050f8d0	CWorldPhysicsManager__Unk_0050f8d0
0x0050fd90	CWorldPhysicsManager__Unk_0050fd90
0x0050fe10	CWorldPhysicsManager__Unk_0050fe10
0x0050fe90	CWorldPhysicsManager__Unk_0050fe90
0x0050fff0	CWorldPhysicsManager__Unk_0050fff0
0x00510250	CWorldPhysicsManager__Unk_00510250
0x00510520	CWorldPhysicsManager__Unk_00510520
0x00510740	CWorldPhysicsManager__Unk_00510740
0x00510800	CWorldPhysicsManager__Unk_00510800
0x00510a90	CWorldPhysicsManager__Unk_00510a90
0x00510e60	CWorldPhysicsManager__Unk_00510e60
0x00510eb0	CWorldPhysicsManager__Unk_00510eb0
0x00510f10	CWorldPhysicsManager__Unk_00510f10
0x00511040	CWorldPhysicsManager__Unk_00511040
0x00511070	CWorldPhysicsManager__Unk_00511070
0x005110f0	CWorldPhysicsManager__Unk_005110f0
0x005113a0	CWorldPhysicsManager__Unk_005113a0
0x00511440	CWorldPhysicsManager__Unk_00511440
0x005115b0	CWorldPhysicsManager__Unk_005115b0
0x00511720	CWorldPhysicsManager__Unk_00511720
0x005117c0	CWorldPhysicsManager__Unk_005117c0
0x00511860	CWorldPhysicsManager__Unk_00511860
0x00511bc0	CVBufTexture__Unk_00511bc0
0x00511c10	CVBufTexture__Unk_00511c10
0x00511ca0	CVBufTexture__Unk_00511ca0
0x00511d20	CVBufTexture__Unk_00511d20
0x00512040	CVBufTexture__Unk_00512040
0x00512470	CVBufTexture__Unk_00512470
0x00512490	CVBufTexture__Unk_00512490
0x00512630	CVBufTexture__Unk_00512630
0x00512ca0	CVBufTexture__Unk_00512ca0
0x00512fc0	CVBufTexture__Unk_00512fc0
0x00520530	CFEPVirtualKeyboard__Unk_00520530
0x00520cc0	CFEPVirtualKeyboard__Unk_00520cc0
0x00520f70	CFEPVirtualKeyboard__Unk_00520f70
0x005230e0	CVBufTexture__Unk_005230e0
0x005234e0	CVBufTexture__Unk_005234e0
0x00523b30	CVBufTexture__Unk_00523b30
0x00523bc0	CVBufTexture__Unk_00523bc0
0x00523cc0	CVBufTexture__Unk_00523cc0
0x00523d40	CVBufTexture__Unk_00523d40
0x00523df0	CVBufTexture__Unk_00523df0
0x00524180	CVBufTexture__Unk_00524180
0x00527c90	CVBufTexture__Unk_00527c90
0x00527da0	CVBufTexture__Unk_00527da0
0x00527f50	CEngine__Unk_00527f50
0x005282b0	CEngine__Unk_005282b0
0x00528460	CEngine__Unk_00528460
0x00528540	CEngine__Unk_00528540
0x005285b0	CEngine__Unk_005285b0
0x005285e0	CEngine__Unk_005285e0
0x00528b00	CEngine__Unk_00528b00
0x00528b60	CVBufTexture__Unk_00528b60
0x0052b760	CD3DApplication__Unk_0052b760
0x0052b840	CD3DApplication__Unk_0052b840
0x0052ba50	CD3DApplication__Unk_0052ba50
0x0052bb80	CD3DApplication__Unk_0052bb80
0x0052bc80	CD3DApplication__Unk_0052bc80
0x0052c430	CD3DApplication__Unk_0052c430
0x0052c4f0	CD3DApplication__Unk_0052c4f0
0x0052c8d0	CD3DApplication__Unk_0052c8d0
0x0052ff30	CEngine__Unk_0052ff30
0x00533430	CEngine__Unk_00533430
0x00533500	IScript__Unk_00533500
0x005335a0	IScript__Unk_005335a0
0x00533660	IScript__Unk_00533660
0x005337e0	IScript__Unk_005337e0
0x00533840	IScript__Unk_00533840
0x005343e0	IScript__Unk_005343e0
0x00534410	IScript__Unk_00534410
0x00534440	IScript__Unk_00534440
0x00534470	IScript__Unk_00534470
0x00534fb0	IScript__Unk_00534fb0
0x00534fe0	IScript__Unk_00534fe0
0x00535010	IScript__Unk_00535010
0x00535040	IScript__Unk_00535040
0x00535350	IScript__Unk_00535350
0x00535530	IScript__Unk_00535530
0x00535560	IScript__Unk_00535560
0x00535fa0	IScript__Unk_00535fa0
0x00536ca0	IScript__Unk_00536ca0
0x0053c510	CVBufTexture__Unk_0053c510
0x0053d4c0	CDXEngine__Unk_0053d4c0
0x0053df40	CDXEngine__Unk_0053df40
0x0053f0a0	CVBufTexture__Unk_0053f0a0
0x00540970	CDXEngine__Unk_00540970
0x00541f50	CDXEngine__Unk_00541f50
0x00542740	CDXEngine__Unk_00542740
0x005428d0	CDXEngine__Unk_005428d0
0x00542990	CDXEngine__Unk_00542990
0x00542a30	CDXEngine__Unk_00542a30
0x00542a50	CDXEngine__Unk_00542a50
0x00542ee0	CDXEngine__Unk_00542ee0
0x00542f90	CDXEngine__Unk_00542f90
0x00543300	CDXEngine__Unk_00543300
0x005438c0	CDXEngine__Unk_005438c0
0x00544040	CDXEngine__Unk_00544040
0x00544060	CDXEngine__Unk_00544060
0x005440a0	CDXEngine__Unk_005440a0
0x005441a0	CDXEngine__Unk_005441a0
0x005441b0	CDXEngine__Unk_005441b0
0x005473b0	CDXEngine__Unk_005473b0
0x005475d0	CDXEngine__Unk_005475d0
0x00547860	CDXEngine__Unk_00547860
0x00547a60	CDXEngine__Unk_00547a60
0x00548d70	CDXEngine__Unk_00548d70
0x00548ec0	CDXEngine__Unk_00548ec0
0x00548f90	CDXEngine__Unk_00548f90
0x005490c0	CDXEngine__Unk_005490c0
0x00549290	CDXEngine__Unk_00549290
0x005492b0	CDXEngine__Unk_005492b0
0x00549400	CDXEngine__Unk_00549400
0x00549570	CDXEngine__Unk_00549570
0x0054b800	CDXEngine__Unk_0054b800
0x0054f6e0	CDXEngine__Unk_0054f6e0
0x0054f740	CDXEngine__Unk_0054f740
0x0054f760	CDXEngine__Unk_0054f760
0x0054f7e0	CDXEngine__Unk_0054f7e0
0x0055d6a0	CDXTexture__Unk_0055d6a0
0x0055d6db	CDXTexture__Unk_0055d6db
0x0055d6e2	CDXTexture__Unk_0055d6e2
0x0055d731	CTexture__Unk_0055d731
0x0055d767	CDXTexture__Unk_0055d767
0x0055d7bb	CDXTexture__Unk_0055d7bb
0x0055da5e	CDXTexture__Unk_0055da5e
0x0055da76	CDXTexture__Unk_0055da76
0x0055da8d	CDXTexture__Unk_0055da8d
0x0055db72	CFastVB__Unk_0055db72
0x0055dccd	CDXTexture__Unk_0055dccd
0x0055dd7b	CDXTexture__Unk_0055dd7b
0x0055df28	CDXTexture__Unk_0055df28
0x0055dfa6	CDXTexture__Unk_0055dfa6
0x0055e183	CFastVB__Unk_0055e183
0x0055e412	CDXTexture__Unk_0055e412
0x0055e42a	CDXTexture__Unk_0055e42a
0x0055e45f	CFastVB__Unk_0055e45f
0x0055e902	CDXTexture__Unk_0055e902
0x0055eb3d	CTexture__Unk_0055eb3d
0x0055ec4a	CTexture__Unk_0055ec4a
0x0055f085	CMeshCollisionVolume__Unk_0055f085
0x0055f0ef	CMeshCollisionVolume__Unk_0055f0ef
0x0055f147	CMeshCollisionVolume__Unk_0055f147
0x0055f2e8	CTexture__Unk_0055f2e8
0x0055f506	CFastVB__Unk_0055f506
0x0055f5ee	CFastVB__Unk_0055f5ee
0x0055f6bb	CFastVB__Unk_0055f6bb
0x0055f783	CTexture__Unk_0055f783
0x0055fa62	CDXTexture__Unk_0055fa62
0x0055fc35	CDXTexture__Unk_0055fc35
0x0055fe26	CFastVB__Unk_0055fe26
0x0055fe55	CFastVB__Unk_0055fe55
0x0055fe78	CDXTexture__Unk_0055fe78
0x0055fea7	CDXTexture__Unk_0055fea7
0x0055feec	CDXTexture__Unk_0055feec
0x0056004d	CDXTexture__Unk_0056004d
0x005602ae	CDXTexture__Unk_005602ae
0x005602d2	CDXTexture__Unk_005602d2
0x0056036d	CDXTexture__Unk_0056036d
0x00560627	CDXTexture__Unk_00560627
0x005606c5	CDXTexture__Unk_005606c5
0x00560b2c	CTexture__Unk_00560b2c
0x00560b80	CTexture__Unk_00560b80
0x00560bfa	CDXTexture__Unk_00560bfa
0x00560c5b	CDXTexture__Unk_00560c5b
0x00560cb1	CDXTexture__Unk_00560cb1
0x00560cc3	CDXTexture__Unk_00560cc3
0x00560d01	CDXTexture__Unk_00560d01
0x00560d2a	CDXTexture__Unk_00560d2a
0x00560e28	CFastVB__Unk_00560e28
0x00560e89	CFastVB__Unk_00560e89
0x00560f4b	CFastVB__Unk_00560f4b
0x00560fa0	CFastVB__Unk_00560fa0
0x00561047	CFastVB__Unk_00561047
0x00561150	CTexture__Unk_00561150
0x00561530	CDXTexture__Unk_00561530
0x00561590	CDXTexture__Unk_00561590
0x005615a5	CDXTexture__Unk_005615a5
0x005615bc	CDXTexture__Unk_005615bc
0x00561618	CDXTexture__Unk_00561618
0x0056235d	CDXTexture__Unk_0056235d
0x005623c7	CDXTexture__Unk_005623c7
0x00562442	CDXTexture__Unk_00562442
0x00562537	CDXTexture__Unk_00562537
0x00562b3e	CFastVB__Unk_00562b3e
0x00563ad3	CDXTexture__Unk_00563ad3
0x00563ada	CDXTexture__Unk_00563ada
0x00564486	CTexture__Unk_00564486
0x0056468c	CTexture__Unk_0056468c
0x00564ba5	CTexture__Unk_00564ba5
0x00564d79	CDXTexture__Unk_00564d79
0x00564e41	CDXTexture__Unk_00564e41
0x00564e9e	CDXTexture__Unk_00564e9e
0x00564fdf	CTexture__Unk_00564fdf
0x0056585a	CTexture__Unk_0056585a
0x0056586a	CTexture__Unk_0056586a
0x00565ab0	CTexture__Unk_00565ab0
0x00565bcb	CTexture__Unk_00565bcb
0x00565c84	CTexture__Unk_00565c84
0x0056611f	CDXTexture__Unk_0056611f
0x0056614c	CDXTexture__Unk_0056614c
0x00566294	CDXTexture__Unk_00566294
0x005662f1	CDXTexture__Unk_005662f1
0x00566339	CDXTexture__Unk_00566339
0x0056668d	CTexture__Unk_0056668d
0x00566996	CTexture__Unk_00566996
0x00566a47	CTexture__Unk_00566a47
0x00566e38	CTexture__Unk_00566e38
0x005670eb	CDXTexture__Unk_005670eb
0x00567130	CTexture__Unk_00567130
0x0056756a	CDXTexture__Unk_0056756a
0x00567bfb	CTexture__Unk_00567bfb
0x00567ed0	CTexture__Unk_00567ed0
0x00568667	CDXTexture__Unk_00568667
0x00568797	CDXTexture__Unk_00568797
0x005687fc	CDXTexture__Unk_005687fc
0x00568a51	CDXTexture__Unk_00568a51
0x00568ada	CDXTexture__Unk_00568ada
0x00568b76	CDXTexture__Unk_00568b76
0x00568bdb	CDXTexture__Unk_00568bdb
0x00568c4e	CDXTexture__Unk_00568c4e
0x00568dc6	CTexture__Unk_00568dc6
0x00568e1e	CDXTexture__Unk_00568e1e
0x00568ed7	CDXTexture__Unk_00568ed7
0x00568f70	CDXTexture__Unk_00568f70
0x0056928f	CDXTexture__Unk_0056928f
0x005693e2	CDXTexture__Unk_005693e2
0x005693fe	CDXTexture__Unk_005693fe
0x0056941a	CTexture__Unk_0056941a
0x00569449	CDXTexture__Unk_00569449
0x00569494	CDXTexture__Unk_00569494
0x00569526	CDXTexture__Unk_00569526
0x005696e9	CDXTexture__Unk_005696e9
0x00569732	CDXTexture__Unk_00569732
0x00569856	CDXTexture__Unk_00569856
0x005698e3	CDXTexture__Unk_005698e3
0x00569a4f	CDXTexture__Unk_00569a4f
0x00569a65	CTexture__Unk_00569a65
0x00569a7b	CTexture__Unk_00569a7b
0x00569aa8	CTexture__Unk_00569aa8
0x00569cc1	CDXTexture__Unk_00569cc1
0x00569d91	CDXTexture__Unk_00569d91
0x00569dd5	CDXTexture__Unk_00569dd5
0x00569e57	CDXTexture__Unk_00569e57
0x0056a106	CTexture__Unk_0056a106
0x0056a1cd	CTexture__Unk_0056a1cd
0x0056a69e	CTexture__Unk_0056a69e
0x0056a82d	CDXTexture__Unk_0056a82d
0x0056a8c4	CDXTexture__Unk_0056a8c4
0x0056ad25	CDXTexture__Unk_0056ad25
0x0056aff4	CDXTexture__Unk_0056aff4
0x0056b117	CDXTexture__Unk_0056b117
0x0056b193	CDXTexture__Unk_0056b193
0x0056b4f2	CTexture__Unk_0056b4f2
0x0056bba5	CFastVB__Unk_0056bba5
0x0056bca7	CFastVB__Unk_0056bca7
0x0056bdc9	CDXTexture__Unk_0056bdc9
0x0056be17	CTexture__Unk_0056be17
0x0056c70a	___Unk_0056c70a
0x0056c724	___Unk_0056c724
0x0056c78a	___Unk_0056c78a
0x0056c80b	___Unk_0056c80b
0x0056c841	___Unk_0056c841
0x0056c981	___Unk_0056c981
0x0056cbb4	CTexture__Unk_0056cbb4
0x0056cbe2	CTexture__Unk_0056cbe2
0x0056ce69	CTexture__Unk_0056ce69
0x0056ce8a	CTexture__Unk_0056ce8a
0x0056d036	CTexture__Unk_0056d036
0x0056d176	CDXTexture__Unk_0056d176
0x0056d18a	CDXTexture__Unk_0056d18a
0x0056d8da	CTexture__Unk_0056d8da
0x0056dafa	CTexture__Unk_0056dafa
0x0056dc9b	CDXTexture__Unk_0056dc9b
0x0056e0ec	CDXTexture__Unk_0056e0ec
0x0056e148	CDXTexture__Unk_0056e148
0x0056e5bf	CDXTexture__Unk_0056e5bf
0x0056f260	CFastVB__Unk_0056f260
0x0056f520	CFastVB__Unk_0056f520
0x00572e40	CTexture__Unk_00572e40
0x00573310	CFastVB__Unk_00573310
0x00573630	CMeshCollisionVolume__Unk_00573630
0x005736a0	CMeshCollisionVolume__Unk_005736a0
0x005738e0	CTexture__Unk_005738e0
0x00573cc0	CTexture__Unk_00573cc0
0x00573d80	CTexture__Unk_00573d80
0x00574080	CTexture__Unk_00574080
0x005740a0	CTexture__Unk_005740a0
0x00574100	CTexture__Unk_00574100
0x00574120	CTexture__Unk_00574120
0x00574180	CTexture__Unk_00574180
0x00574296	CFastVB__Unk_00574296
0x0057437a	CFastVB__Unk_0057437a
0x005759b6	CFastVB__Unk_005759b6
0x005759c9	CFastVB__Unk_005759c9
0x00575a58	CFastVB__Unk_00575a58
0x00575b1d	CTexture__Unk_00575b1d
0x00575b47	CTexture__Unk_00575b47
0x00575bd5	CTexture__Unk_00575bd5
0x00575bff	CTexture__Unk_00575bff
0x00575cae	CFastVB__Unk_00575cae
0x00575cdd	CDXTexture__Unk_00575cdd
0x00575d20	CDXTexture__Unk_00575d20
0x00575d44	CDXTexture__Unk_00575d44
0x00575d68	CMeshCollisionVolume__Unk_00575d68
0x00575d8c	CDXTexture__Unk_00575d8c
0x00575dc9	CFastVB__Unk_00575dc9
0x00575e77	CTexture__Unk_00575e77
0x00575ea1	CTexture__Unk_00575ea1
0x00575f72	CTexture__Unk_00575f72
0x00575fa1	CTexture__Unk_00575fa1
0x00575ffe	CTexture__Unk_00575ffe
0x0057609c	CFastVB__Unk_0057609c
0x00576154	CFastVB__Unk_00576154
0x00576167	CTexture__Unk_00576167
0x00576178	CTexture__Unk_00576178
0x0057617e	CDXTexture__Unk_0057617e
0x005761f7	CDXTexture__Unk_005761f7
0x00576286	CDXTexture__Unk_00576286
0x00576404	CTexture__Unk_00576404
0x005764d5	CTexture__Unk_005764d5
0x005764ff	CTexture__Unk_005764ff
0x005765f2	CTexture__Unk_005765f2
0x00576621	CTexture__Unk_00576621
0x00576698	CFastVB__Unk_00576698
0x0057674a	CFastVB__Unk_0057674a
0x005768f1	CFastVB__Unk_005768f1
0x00576b3a	CFastVB__Unk_00576b3a
0x00576dfd	CFastVB__Unk_00576dfd
0x005771af	CFastVB__Unk_005771af
0x00577239	CDXTexture__Unk_00577239
0x005772c9	CDXTexture__Unk_005772c9
0x005772e5	CDXTexture__Unk_005772e5
0x0057735f	CDXTexture__Unk_0057735f
0x0057737b	CDXTexture__Unk_0057737b
0x005773f6	CDXTexture__Unk_005773f6
0x00577412	CDXTexture__Unk_00577412
0x0057748e	CTexture__Unk_0057748e
0x005774ae	CTexture__Unk_005774ae
0x005775b0	CFastVB__Unk_005775b0
0x005776a5	CTexture__Unk_005776a5
0x005776d3	CFastVB__Unk_005776d3
0x005776e4	CFastVB__Unk_005776e4
0x0057770b	CFastVB__Unk_0057770b
0x0057798e	CFastVB__Unk_0057798e
0x005779ae	CFastVB__Unk_005779ae
0x00577a0a	CFastVB__Unk_00577a0a
0x00577a38	CTexture__Unk_00577a38
0x00577b17	CTexture__Unk_00577b17
0x00577b24	CTexture__Unk_00577b24
0x00577c83	CTexture__Unk_00577c83
0x00577c90	CTexture__Unk_00577c90
0x00577d47	CTexture__Unk_00577d47
0x00577d54	CTexture__Unk_00577d47
0x00577dd5	CDXTexture__Unk_00577dd5
0x00577de2	CDXTexture__Unk_00577de2
0x00577e80	CDXTexture__Unk_00577e80
0x00577f8d	CTexture__Unk_00577f8d
0x00577fb7	CTexture__Unk_00577fb7
0x0057800e	CTexture__Unk_0057800e
0x0057804e	CTexture__Unk_0057804e
0x005780d6	CDXTexture__Unk_005780d6
0x005783d9	CTexture__Unk_005783d9
0x005784a9	CFastVB__Unk_005784a9
0x005785c0	CTexture__Unk_005785c0
0x00578643	CTexture__Unk_00578643
0x005786c0	CDXTexture__Unk_005786c0
0x00578758	CDXTexture__Unk_00578758
0x00578794	CDXTexture__Unk_00578794
0x005787e8	CDXTexture__Unk_005787e8
0x00578885	CDXTexture__Unk_00578885
0x00578941	CDXTexture__Unk_00578941
0x00578a20	CDXTexture__Unk_00578a20
0x00578bad	CDXTexture__Unk_00578bad
0x00578dad	CTexture__Unk_00578dad
0x00578f53	CFastVB__Unk_00578f53
0x00579184	CFastVB__Unk_00579184
0x0057923a	CTexture__Unk_0057923a
0x00579273	CTexture__Unk_00579273
0x00579527	CTexture__Unk_00579527
0x00579601	CTexture__Unk_00579601
0x00579e08	CDXTexture__Unk_00579e08
0x0057af0a	CDXTexture__Unk_0057af0a
0x0057b182	CDXTexture__Unk_0057b182
0x0057b6fa	CDXTexture__Unk_0057b6fa
0x0057b9ce	CDXTexture__Unk_0057b9ce
0x0057c7a4	CMeshCollisionVolume__Unk_0057c7a4
0x0057ca3a	CMeshCollisionVolume__Unk_0057ca3a
0x0057ca6a	CDXTexture__Unk_0057ca6a
0x0057cc53	CDXTexture__Unk_0057cc53
0x0057d244	CDXTexture__Unk_0057d244
0x0057d32e	CWaypointManager__Unk_0057d32e
0x0057d446	CWaypointManager__Unk_0057d446
0x0057e200	CFastVB__Unk_0057e200
0x0057e2de	CFastVB__Unk_0057e2de
0x0057fa5c	CFastVB__Unk_0057fa5c
0x00580120	CFastVB__Unk_00580120
0x0058070e	CFastVB__Unk_0058070e
0x005809de	CFastVB__Unk_005809de
0x00580eef	CFastVB__Unk_005809de
0x005818b7	CDXTexture__Unk_005818b7
0x00581d49	CDXTexture__Unk_00581d49
0x00582244	CFastVB__Unk_00582244
0x00582355	CFastVB__Unk_00582355
0x0058249e	CFastVB__Unk_0058249e
0x005825c3	CFastVB__Unk_005825c3
0x005826e8	CFastVB__Unk_005826e8
0x0058280d	CFastVB__Unk_0058280d
0x00582950	CFastVB__Unk_00582950
0x00582a99	CTexture__Unk_00582a99
0x00582bbe	CTexture__Unk_00582bbe
0x00582c8a	CTexture__Unk_00582c8a
0x00582dd3	CTexture__Unk_00582dd3
0x00582ef8	CDXTexture__Unk_00582ef8
0x00583041	CDXTexture__Unk_00583041
0x0058318a	CDXTexture__Unk_0058318a
0x005832af	CDXTexture__Unk_005832af
0x005833a6	CDXTexture__Unk_005833a6
0x005834ef	CDXTexture__Unk_005834ef
0x00583670	CDXTexture__Unk_00583670
0x005837b7	CDXTexture__Unk_005837b7
0x00583891	CFastVB__Unk_00583891
0x00583979	CFastVB__Unk_00583979
0x00583a94	CTexture__Unk_00583a94
0x00583ba4	CTexture__Unk_00583ba4
0x00583c8e	CTexture__Unk_00583c8e
0x00583d89	CTexture__Unk_00583d89
0x00583eb3	CTexture__Unk_00583eb3
0x00583fe5	CTexture__Unk_00583fe5
0x00584144	CFastVB__Unk_00584144
0x0058423f	CFastVB__Unk_0058423f
0x0058439e	CFastVB__Unk_0058439e
0x00584535	CTexture__Unk_00584535
0x0058463a	CTexture__Unk_0058463a
0x00584724	CDXTexture__Unk_00584724
0x00584786	CDXTexture__Unk_00584786
0x005847e9	CDXTexture__Unk_005847e9
0x00584831	CDXTexture__Unk_00584831
0x00584886	CDXTexture__Unk_00584886
0x005848e3	CDXTexture__Unk_005848e3
0x00584936	CDXTexture__Unk_00584936
0x00584a4c	CTexture__Unk_00584a4c
0x00584b5f	CTexture__Unk_00584b5f
0x00584c04	CTexture__Unk_00584c04
0x00584cc3	CTexture__Unk_00584cc3
0x00584d78	CFastVB__Unk_00584d78
0x00584e32	CFastVB__Unk_00584e32
0x00584ee9	CFastVB__Unk_00584ee9
0x00584fae	CFastVB__Unk_00584fae
0x00585072	CFastVB__Unk_00585072
0x00585161	CFastVB__Unk_00585161
0x00585220	CFastVB__Unk_00585220
0x005852d5	CFastVB__Unk_005852d5
0x00585380	CFastVB__Unk_00585380
0x0058546f	CMeshCollisionVolume__Unk_0058546f
0x00585576	CDXTexture__Unk_00585576
0x0058562d	CDXTexture__Unk_0058562d
0x005856b8	CDXTexture__Unk_005856b8
0x0058579b	CTexture__Unk_0058579b
0x0058586b	CTexture__Unk_0058586b
0x00585908	CFastVB__Unk_00585908
0x00585924	CFastVB__Unk_00585924
0x005859bc	CFastVB__Unk_005859bc
0x005859d8	CFastVB__Unk_005859d8
0x00585a7b	CFastVB__Unk_00585a7b
0x00585b35	CFastVB__Unk_00585b35
0x00585bd3	CDXTexture__Unk_00585bd3
0x00585bef	CFastVB__Unk_00585bef
0x00585c0b	CFastVB__Unk_00585c0b
0x00585c94	CFastVB__Unk_00585c94
0x00585cb0	CTexture__Unk_00585cb0
0x00585da3	CDXTexture__Unk_00585da3
0x00585e9f	CDXTexture__Unk_00585e9f
0x00585fa3	CFastVB__Unk_00585fa3
0x005860ba	CTexture__Unk_005860ba
0x0058617c	CFastVB__Unk_0058617c
0x005861b4	CDXTexture__Unk_005861b4
0x005862e9	CFastVB__Unk_005862e9
0x00586305	CDXTexture__Unk_00586305
0x00586438	CTexture__Unk_00586438
0x00586609	CDXTexture__Unk_00586609
0x0058669a	CFastVB__Unk_0058669a
0x005866b6	CFastVB__Unk_005866b6
0x005866d2	CFastVB__Unk_005866d2
0x0058675f	CFastVB__Unk_0058675f
0x0058677b	CDXTexture__Unk_0058677b
0x0058686f	CTexture__Unk_0058686f
0x005868d1	CFastVB__Unk_005868d1
0x00586994	CFastVB__Unk_00586994
0x005869b0	CTexture__Unk_005869b0
0x00586bb7	CFastVB__Unk_00586bb7
0x00586ec7	CFastVB__Unk_00586ec7
0x0058735a	CFastVB__Unk_0058735a
0x005873f8	CFastVB__Unk_005873f8
0x005876ab	CTexture__Unk_005876ab
0x00587af0	CTexture__Unk_00587af0
0x00587daf	CFastVB__Unk_00587daf
0x00587dee	CFastVB__Unk_00587dee
0x00587e06	CFastVB__Unk_00587e06
0x00587e66	CFastVB__Unk_00587e66
0x00587e82	CFastVB__Unk_00587e82
0x0058864a	CDXTexture__Unk_0058864a
0x0058865c	CDXTexture__Unk_0058865c
0x005888bc	CFastVB__Unk_005888bc
0x00588cc6	CDXTexture__Unk_00588cc6
0x005890f1	CDXTexture__Unk_005890f1
0x00589116	CDXTexture__Unk_00589116
0x00589367	CFastVB__Unk_00589367
0x005893d1	CDXTexture__Unk_005893d1
0x005893e9	CDXTexture__Unk_005893e9
0x00589438	CDXTexture__Unk_00589438
0x005894a9	CMeshCollisionVolume__Unk_005894a9
0x00589650	CMeshCollisionVolume__Unk_00589650
0x00589689	CFastVB__Unk_00589689
0x00589cab	CTexture__Unk_00589cab
0x00589e73	CTexture__Unk_00589e73
0x0058b3c7	CTexture__Unk_0058b3c7
0x0058b812	CTexture__Unk_0058b812
0x0058bd25	CTexture__Unk_0058bd25
0x0058bd87	CTexture__Unk_0058bd87
0x0058c2b9	CTexture__Unk_0058c2b9
0x0058c3fe	CTexture__Unk_0058c3fe
0x0058c457	CTexture__Unk_0058c457
0x0058c5d3	CTexture__Unk_0058c5d3
0x0058c652	CTexture__Unk_0058c652
0x0058d18b	CTexture__Unk_0058d18b
0x0058d1ca	CTexture__Unk_0058d1ca
0x0058d2ad	CTexture__Unk_0058d2ad
0x0058d419	CTexture__Unk_0058d419
0x0058eefb	CTexture__Unk_0058eefb
0x0058f1e0	CTexture__Unk_0058f1e0
0x0058f577	CTexture__Unk_0058f577
0x0058f66f	CTexture__Unk_0058f66f
0x0059020b	CTexture__Unk_0059020b
0x005907d9	CTexture__Unk_005907d9
0x00590c4a	CTexture__Unk_00590c4a
0x00590cc2	CTexture__Unk_00590cc2
0x00590cde	CDXTexture__Unk_00590cde
0x00591050	CFastVB__Unk_0059c610
0x00591280	CDXTexture__Unk_00591280
0x00591340	CMeshCollisionVolume__Unk_00591340
0x005913b0	CFastVB__Unk_005913b0
0x00591460	CTexture__Unk_00591460
0x00591720	CFastVB__Unk_00591720
0x005919e0	CTexture__Unk_005919e0
0x00591cb0	CTexture__Unk_00591cb0
0x00591ef0	CDXTexture__Unk_00591ef0
0x00591fc0	CDXTexture__Unk_00591fc0
0x005921a0	CDXTexture__Unk_005921a0
0x00592530	CFastVB__Unk_00592530
0x00592b00	CFastVB__Unk_00592b00
0x00592c50	CFastVB__Unk_00592c50
0x00592ca0	CDXTexture__Unk_00592ca0
0x00592d7a	CTexture__Unk_00592d7a
0x005933c6	CDXTexture__Unk_005933c6
0x00593411	CDXTexture__Unk_00593411
0x00593526	CDXTexture__Unk_00593526
0x005935a3	CDXTexture__Unk_005935a3
0x005935c0	CDXTexture__Unk_005935c0
0x005937f6	CDXTexture__Unk_005937f6
0x00593994	CDXTexture__Unk_00593994
0x00594ef8	CDXTexture__Unk_00594ef8
0x00594fdc	CDXTexture__Unk_00594fdc
0x00594ff9	CTexture__Unk_00594ff9
0x00595030	CTexture__Unk_00595030
0x0059512b	CDXTexture__Unk_0059512b
0x0059517e	CDXTexture__Unk_0059517e
0x00595183	CDXTexture__Unk_00595183
0x005951d9	CDXTexture__Unk_005951d9
0x00596386	CDXTexture__Unk_00596386
0x005963d2	CDXTexture__Unk_005963d2
0x00596589	CFastVB__Unk_00596589
0x005968a4	CFastVB__Unk_005968a4
0x00596e23	CFastVB__Unk_00596e23
0x0059764a	CTexture__Unk_0059764a
0x00597a61	CFastVB__Unk_00597a61
0x00597b87	CFastVB__Unk_00597b87
0x00598474	CFastVB__Unk_00598474
0x00598749	CMeshCollisionVolume__Unk_00598749
0x005987b2	CTexture__Unk_005987b2
0x0059881b	CTexture__Unk_0059881b
0x00598873	CFastVB__Unk_00598873
0x005988f5	CFastVB__Unk_005988f5
0x005989c3	CTexture__Unk_005989c3
0x005989db	CTexture__Unk_005989db
0x00598a56	CFastVB__Unk_00598a56
0x00598b48	CFastVB__Unk_00598b48
0x00598b81	CFastVB__Unk_00598b81
0x00598d6b	CFastVB__Unk_00598d6b
0x00598e5d	CDXTexture__Unk_00598e5d
0x00598f22	CDXTexture__Unk_00598f22
0x00598f3e	CDXTexture__Unk_00598f3e
0x00598f60	CFastVB__Unk_00598f60
0x00598f82	CFastVB__Unk_00598f82
0x00598fa4	CFastVB__Unk_00598fa4
0x00598fc0	CTexture__Unk_00598fc0
0x00598fdc	CTexture__Unk_00598fdc
0x00598ff4	CTexture__Unk_00598ff4
0x00599258	CFastVB__Unk_00599258
0x005997a5	CFastVB__Unk_005997a5
0x00599878	CFastVB__Unk_00599878
0x0059993c	CDXTexture__Unk_0059993c
0x00599a3c	CTexture__Unk_00599a3c
0x00599a58	CTexture__Unk_00599a58
0x00599b13	CFastVB__Unk_00599b13
0x00599b69	CFastVB__Unk_00599b69
0x0059a21f	CFastVB__Unk_0059a21f
0x0059a54d	CFastVB__Unk_0059a54d
0x0059a71a	CFastVB__Unk_0059a71a
0x0059b510	CDXTexture__Unk_0059b510
0x0059ba20	CDXTexture__Unk_0059ba20
0x0059ba90	CDXTexture__Unk_0059ba90
0x0059bae0	CDXTexture__Unk_0059bae0
0x0059bc10	CDXTexture__Unk_0059bc10
0x0059bcc0	CDXTexture__Unk_0059bcc0
0x0059bd60	CDXTexture__Unk_0059bd60
0x0059be00	CDXTexture__Unk_0059be00
0x0059c070	CTexture__Unk_0059c070
0x0059c110	CTexture__Unk_0059c110
0x0059c3f0	CDXTexture__Unk_0059c3f0
0x0059c510	CDXTexture__Unk_0059c510
0x0059c5d0	CDXTexture__Unk_0059c5d0
0x0059c610	CFastVB__Unk_0059c610
0x0059c6b0	CTexture__Unk_0059c6b0
0x0059c700	CFastVB__Unk_0059c700
0x0059c730	CDXTexture__Unk_0059c730
0x0059c750	CDXTexture__Unk_0059c750
0x0059c78f	CDXTexture__Unk_0059c78f
0x0059ccf3	CDXTexture__Unk_0059ccf3
0x0059cd26	CDXTexture__Unk_0059cd26
0x0059cdbe	CTexture__Unk_0059cdbe
0x0059d9d8	CDXTexture__Unk_0059d9d8
0x0059e110	CDXTexture__Unk_0059e110
0x0059e310	CDXTexture__Unk_0059e310
0x0059e4a0	CDXTexture__Unk_0059e4a0
0x0059e580	CDXTexture__Unk_0059e580
0x0059e770	CDXTexture__Unk_0059e770
0x0059f6dd	CFastVB__Unk_0059f6dd
0x005a2a61	CFastVB__Unk_005a2a61
0x005a38c0	CFastVB__Unk_005a38c0
0x005a47f2	CFastVB__Unk_005a47f2
0x005a7617	CFastVB__Unk_005a7617
0x005a7cf0	CFastVB__Unk_005a7cf0
0x005a7e09	CFastVB__Unk_005a7e09
0x005aa0cc	CFastVB__Unk_005aa0cc
0x005aa2f2	CFastVB__Unk_005aa2f2
0x005ab0ed	CDXTexture__Unk_005ab0ed
0x005ab14b	CTexture__Unk_005ab14b
0x005ab4d0	CMeshCollisionVolume__Unk_005ab4d0
0x005ab620	CTexture__Unk_005ab620
0x005ab700	CTexture__Unk_005ab700
0x005aba90	CDXTexture__Unk_005aba90
0x005acac0	CTexture__Unk_005acac0
0x005aceb0	CTexture__Unk_005aceb0
0x005acf90	CTexture__Unk_005acf90
0x005ad590	CFastVB__Unk_005ad590
0x005aefa0	CDXTexture__Unk_005aefa0
0x005b10b0	CDXTexture__Unk_005b10b0
0x005b1400	CTexture__Unk_005b1400
0x005b1630	CDXTexture__Unk_005b1630
0x005b1c00	CDXTexture__Unk_005b1c00
0x005b1c50	CDXTexture__Unk_005b1c50
0x005b1d50	CDXTexture__Unk_005b1d50
0x005b1da0	CDXTexture__Unk_005b1da0
0x005b25e0	CDXTexture__Unk_005b25e0
0x005b3170	CDXTexture__Unk_005b3170
0x005b3440	CFastVB__Unk_005b3440
0x005b35b0	CFastVB__Unk_005b35b0
0x005b3920	CTexture__Unk_005b3920
0x005b39d0	CTexture__Unk_005b39d0
0x005b3fd0	CDXTexture__Unk_005b3fd0
0x005b4080	CDXTexture__Unk_005b4080
0x005b44c0	CDXTexture__Unk_005b44c0
0x005b6500	CDXTexture__Unk_005b6500
0x005b65a0	CDXTexture__Unk_005b65a0
0x005b6650	CDXTexture__Unk_005b6650
0x005b6720	CDXTexture__Unk_005b6720
0x005b6c30	CDXTexture__Unk_005b6c30
0x005b6c90	CDXTexture__Unk_005b6c90
0x005b71b0	CDXTexture__Unk_005b71b0
0x005b7480	CDXTexture__Unk_005b7480
0x005b7920	CDXTexture__Unk_005b7920
0x005b7c50	CDXTexture__Unk_005b7c50
0x005b7d30	CDXTexture__Unk_005b7d30
0x005b7ee0	CDXTexture__Unk_005b7ee0
0x005b8060	CDXTexture__Unk_005b8060
0x005b86c0	CFastVB__Unk_005b86c0
0x005b8ca0	CFastVB__Unk_005b8ca0
0x005bb9b0	CDXTexture__Unk_005bb9b0
0x005bbe70	CDXTexture__Unk_005bbe70
0x005bce60	CDXTexture__Unk_005bce60
0x005bd52a	CDXTexture__Unk_005bd52a
0x005bd53b	CDXTexture__Unk_005bd53b
0x005be360	CDXTexture__Unk_005be360
0x005be628	CFastVB__Unk_005be628
0x005d07f4	CDXTexture__Unk_005d07f4
0x005d09e4	CDXTexture__Unk_005d09e4
0x005d0a9f	CDXTexture__Unk_005d0a9f
